rental_id,rental_date,inventory_id,customer_id,return_date,staff_id,last_update
1158,"2005-06-14 22:53:33",1632,416,"2005-06-18 21:37:33",2,"2006-02-15 21:30:53"
1159,"2005-06-14 22:55:13",4395,516,"2005-06-17 02:11:13",1,"2006-02-15 21:30:53"
1160,"2005-06-14 23:00:34",2795,239,"2005-06-18 01:58:34",2,"2006-02-15 21:30:53"
1161,"2005-06-14 23:07:08",1690,285,"2005-06-21 17:12:08",1,"2006-02-15 21:30:53"
1162,"2005-06-14 23:09:38",987,310,"2005-06-23 22:00:38",1,"2006-02-15 21:30:53"
1163,"2005-06-14 23:12:46",4209,592,"2005-06-23 21:53:46",1,"2006-02-15 21:30:53"
1164,"2005-06-14 23:16:26",3691,49,"2005-06-16 21:00:26",1,"2006-02-15 21:30:53"
1165,"2005-06-14 23:16:27",2855,264,"2005-06-20 02:40:27",2,"2006-02-15 21:30:53"
1166,"2005-06-14 23:17:03",2508,46,"2005-06-15 20:43:03",1,"2006-02-15 21:30:53"
1167,"2005-06-14 23:25:58",4021,323,"2005-06-18 05:18:58",2,"2006-02-15 21:30:53"
1168,"2005-06-14 23:35:09",4368,481,"2005-06-19 03:20:09",1,"2006-02-15 21:30:53"
1169,"2005-06-14 23:42:56",1062,139,"2005-06-16 04:02:56",2,"2006-02-15 21:30:53"
1170,"2005-06-14 23:47:35",2444,595,"2005-06-17 05:28:35",2,"2006-02-15 21:30:53"
1171,"2005-06-14 23:50:11",4082,284,"2005-06-17 21:44:11",2,"2006-02-15 21:30:53"
1172,"2005-06-14 23:54:34",2685,306,"2005-06-16 02:26:34",1,"2006-02-15 21:30:53"
1173,"2005-06-14 23:54:46",1050,191,"2005-06-19 23:26:46",2,"2006-02-15 21:30:53"
1174,"2005-06-15 00:12:51",2653,95,"2005-06-21 02:10:51",2,"2006-02-15 21:30:53"
1175,"2005-06-15 00:15:15",3255,197,"2005-06-20 19:23:15",2,"2006-02-15 21:30:53"
1176,"2005-06-15 00:28:37",2715,512,"2005-06-21 21:42:37",1,"2006-02-15 21:30:53"
1177,"2005-06-15 00:33:04",1897,210,"2005-06-16 03:47:04",2,"2006-02-15 21:30:53"
1178,"2005-06-15 00:36:40",2553,279,"2005-06-21 00:27:40",2,"2006-02-15 21:30:53"
1179,"2005-06-15 00:36:50",816,119,"2005-06-22 22:09:50",1,"2006-02-15 21:30:53"
1180,"2005-06-15 00:39:01",3119,432,"2005-06-21 22:44:01",2,"2006-02-15 21:30:53"
1181,"2005-06-15 00:42:17",2973,546,"2005-06-19 03:36:17",2,"2006-02-15 21:30:53"
1182,"2005-06-15 00:45:21",1061,196,"2005-06-22 03:52:21",1,"2006-02-15 21:30:53"
1183,"2005-06-15 00:49:19",706,329,"2005-06-20 04:33:19",1,"2006-02-15 21:30:53"
1184,"2005-06-15 00:49:36",473,295,"2005-06-22 23:39:36",2,"2006-02-15 21:30:53"
1185,"2005-06-15 00:54:12",2785,1,"2005-06-23 02:42:12",2,"2006-02-15 21:30:53"
1186,"2005-06-15 00:56:45",1556,368,"2005-06-16 02:23:45",1,"2006-02-15 21:30:53"
1187,"2005-06-15 00:58:50",1108,334,"2005-06-23 02:19:50",1,"2006-02-15 21:30:53"
1188,"2005-06-15 01:04:07",246,173,"2005-06-19 03:48:07",1,"2006-02-15 21:30:53"
1189,"2005-06-15 01:04:22",142,244,"2005-06-24 06:48:22",1,"2006-02-15 21:30:53"
1190,"2005-06-15 01:05:32",2572,370,"2005-06-23 02:34:32",2,"2006-02-15 21:30:53"
1191,"2005-06-15 01:10:35",2221,291,"2005-06-17 20:36:35",2,"2006-02-15 21:30:53"
1192,"2005-06-15 01:18:39",4134,186,"2005-06-19 22:46:39",1,"2006-02-15 21:30:53"
1193,"2005-06-15 01:24:20",4504,561,"2005-06-21 02:29:20",2,"2006-02-15 21:30:53"
1194,"2005-06-15 01:25:08",3774,402,"2005-06-21 01:16:08",2,"2006-02-15 21:30:53"
1195,"2005-06-15 01:37:38",2272,84,"2005-06-17 21:50:38",1,"2006-02-15 21:30:53"
1196,"2005-06-15 01:38:31",994,52,"2005-06-18 06:55:31",1,"2006-02-15 21:30:53"
1197,"2005-06-15 01:42:46",3812,349,"2005-06-20 00:22:46",1,"2006-02-15 21:30:53"
1198,"2005-06-15 01:48:58",1138,491,"2005-06-20 01:07:58",2,"2006-02-15 21:30:53"
1199,"2005-06-15 01:58:50",253,238,"2005-06-16 20:30:50",2,"2006-02-15 21:30:53"
1200,"2005-06-15 01:59:51",3329,516,"2005-06-21 21:33:51",1,"2006-02-15 21:30:53"
1201,"2005-06-15 02:06:28",2679,209,"2005-06-16 21:38:28",2,"2006-02-15 21:30:53"
1202,"2005-06-15 02:08:04",2821,451,"2005-06-16 21:56:04",1,"2006-02-15 21:30:53"
1203,"2005-06-15 02:09:02",2223,452,"2005-06-21 00:04:02",1,"2006-02-15 21:30:53"
1204,"2005-06-15 02:21:46",2450,249,"2005-06-20 07:14:46",2,"2006-02-15 21:30:53"
1205,"2005-06-15 02:25:56",470,340,"2005-06-22 23:19:56",1,"2006-02-15 21:30:53"
1206,"2005-06-15 02:27:07",1097,264,"2005-06-18 22:46:07",2,"2006-02-15 21:30:53"
1207,"2005-06-15 02:27:08",2277,430,"2005-06-19 08:18:08",2,"2006-02-15 21:30:53"
1208,"2005-06-15 02:30:03",750,376,"2005-06-18 00:04:03",1,"2006-02-15 21:30:53"
1209,"2005-06-15 02:31:12",1494,146,"2005-06-21 07:39:12",1,"2006-02-15 21:30:53"
1210,"2005-06-15 02:57:51",7,345,"2005-06-20 01:41:51",2,"2006-02-15 21:30:53"
1211,"2005-06-15 03:01:20",3360,122,"2005-06-18 07:52:20",2,"2006-02-15 21:30:53"
1212,"2005-06-15 03:03:33",3611,371,"2005-06-17 06:31:33",1,"2006-02-15 21:30:53"
1213,"2005-06-15 03:14:05",3191,94,"2005-06-15 21:41:05",2,"2006-02-15 21:30:53"
1214,"2005-06-15 03:18:40",4482,46,"2005-06-20 07:32:40",1,"2006-02-15 21:30:53"
1215,"2005-06-15 03:21:00",242,102,"2005-06-19 03:39:00",1,"2006-02-15 21:30:53"
1216,"2005-06-15 03:23:48",3973,100,"2005-06-18 03:35:48",1,"2006-02-15 21:30:53"
1217,"2005-06-15 03:24:14",600,203,"2005-06-18 22:37:14",2,"2006-02-15 21:30:53"
1218,"2005-06-15 03:24:44",239,371,"2005-06-21 22:45:44",2,"2006-02-15 21:30:53"
1219,"2005-06-15 03:25:59",3005,330,"2005-06-20 00:37:59",1,"2006-02-15 21:30:53"
1220,"2005-06-15 03:26:15",1621,290,"2005-06-23 08:17:15",1,"2006-02-15 21:30:53"
1221,"2005-06-15 03:35:16",2124,403,"2005-06-18 03:11:16",1,"2006-02-15 21:30:53"
1222,"2005-06-15 03:38:49",2799,168,"2005-06-17 22:30:49",1,"2006-02-15 21:30:53"
1223,"2005-06-15 03:38:53",1299,50,"2005-06-20 01:00:53",2,"2006-02-15 21:30:53"
1224,"2005-06-15 03:44:25",1572,369,"2005-06-17 03:49:25",2,"2006-02-15 21:30:53"
1225,"2005-06-15 03:45:35",1929,434,"2005-06-19 02:03:35",1,"2006-02-15 21:30:53"
1226,"2005-06-15 03:46:10",2290,409,"2005-06-23 02:00:10",1,"2006-02-15 21:30:53"
1227,"2005-06-15 03:50:03",654,428,"2005-06-21 23:48:03",2,"2006-02-15 21:30:53"
1228,"2005-06-15 03:50:36",4473,398,"2005-06-17 22:41:36",1,"2006-02-15 21:30:53"
1229,"2005-06-15 03:53:13",2140,468,"2005-06-18 04:09:13",1,"2006-02-15 21:30:53"
1230,"2005-06-15 04:04:09",2324,447,"2005-06-16 02:21:09",1,"2006-02-15 21:30:53"
1231,"2005-06-15 04:04:41",3003,302,"2005-06-20 23:52:41",2,"2006-02-15 21:30:53"
1232,"2005-06-15 04:18:10",2743,391,"2005-06-17 06:02:10",2,"2006-02-15 21:30:53"
1233,"2005-06-15 04:18:37",4214,550,"2005-06-22 03:36:37",1,"2006-02-15 21:30:53"
1234,"2005-06-15 04:21:52",709,529,"2005-06-22 03:25:52",1,"2006-02-15 21:30:53"
1235,"2005-06-15 04:31:28",1000,255,"2005-06-22 10:08:28",1,"2006-02-15 21:30:53"
1236,"2005-06-15 04:34:27",3182,66,"2005-06-18 08:15:27",1,"2006-02-15 21:30:53"
1237,"2005-06-15 04:44:10",3249,49,"2005-06-23 07:00:10",2,"2006-02-15 21:30:53"
1238,"2005-06-15 04:49:08",3534,205,"2005-06-20 00:06:08",1,"2006-02-15 21:30:53"
1239,"2005-06-15 04:53:01",3731,444,"2005-06-16 07:03:01",1,"2006-02-15 21:30:53"
1240,"2005-06-15 04:58:07",3841,28,"2005-06-17 23:56:07",1,"2006-02-15 21:30:53"
1241,"2005-06-15 04:59:43",4377,62,"2005-06-24 03:32:43",2,"2006-02-15 21:30:53"
1242,"2005-06-15 05:05:07",821,141,"2005-06-22 04:57:07",1,"2006-02-15 21:30:53"
1243,"2005-06-15 05:07:32",2629,107,"2005-06-21 08:17:32",2,"2006-02-15 21:30:53"
1244,"2005-06-15 05:08:40",1026,515,"2005-06-20 10:41:40",1,"2006-02-15 21:30:53"
1245,"2005-06-15 05:09:01",1314,234,"2005-06-22 06:55:01",2,"2006-02-15 21:30:53"
1246,"2005-06-15 05:11:19",431,357,"2005-06-21 02:21:19",1,"2006-02-15 21:30:53"
1247,"2005-06-15 05:16:40",4049,287,"2005-06-23 11:01:40",1,"2006-02-15 21:30:53"
1248,"2005-06-15 05:33:52",3878,544,"2005-06-19 06:56:52",2,"2006-02-15 21:30:53"
1249,"2005-06-15 05:38:09",2120,403,"2005-06-22 10:29:09",1,"2006-02-15 21:30:53"
1250,"2005-06-15 05:55:40",4360,38,"2005-06-23 03:11:40",2,"2006-02-15 21:30:53"
1251,"2005-06-15 05:58:55",3307,442,"2005-06-23 02:45:55",2,"2006-02-15 21:30:53"
1252,"2005-06-15 06:05:18",1147,89,"2005-06-24 07:40:18",1,"2006-02-15 21:30:53"
1253,"2005-06-15 06:06:33",3242,498,"2005-06-21 04:13:33",2,"2006-02-15 21:30:53"
1254,"2005-06-15 06:11:16",3986,571,"2005-06-21 06:40:16",2,"2006-02-15 21:30:53"
1255,"2005-06-15 06:13:45",1433,526,"2005-06-16 03:59:45",2,"2006-02-15 21:30:53"
1256,"2005-06-15 06:13:57",1437,470,"2005-06-16 06:54:57",2,"2006-02-15 21:30:53"
1257,"2005-06-15 06:15:36",1938,267,"2005-06-21 01:04:36",2,"2006-02-15 21:30:53"
1258,"2005-06-15 06:21:30",4530,320,"2005-06-18 05:43:30",2,"2006-02-15 21:30:53"
1259,"2005-06-15 06:37:55",4460,570,"2005-06-23 04:02:55",2,"2006-02-15 21:30:53"
1260,"2005-06-15 06:42:25",330,586,"2005-06-16 10:44:25",2,"2006-02-15 21:30:53"
1261,"2005-06-15 06:52:57",2447,95,"2005-06-21 01:47:57",2,"2006-02-15 21:30:53"
1262,"2005-06-15 06:54:53",4495,236,"2005-06-22 08:09:53",2,"2006-02-15 21:30:53"
1263,"2005-06-15 06:56:39",4144,540,"2005-06-16 11:08:39",1,"2006-02-15 21:30:53"
1264,"2005-06-15 06:59:39",4176,439,"2005-06-18 08:10:39",2,"2006-02-15 21:30:53"
1265,"2005-06-15 07:00:50",982,163,"2005-06-19 12:27:50",1,"2006-02-15 21:30:53"
1266,"2005-06-15 07:11:39",2230,96,"2005-06-21 02:59:39",2,"2006-02-15 21:30:53"
1267,"2005-06-15 07:21:21",4246,509,"2005-06-17 08:12:21",2,"2006-02-15 21:30:53"
1268,"2005-06-15 07:29:30",3641,142,"2005-06-23 12:36:30",1,"2006-02-15 21:30:53"
1269,"2005-06-15 07:29:59",108,59,"2005-06-16 13:26:59",2,"2006-02-15 21:30:53"
1270,"2005-06-15 07:30:22",62,395,"2005-06-18 11:31:22",2,"2006-02-15 21:30:53"
1271,"2005-06-15 07:32:24",379,560,"2005-06-21 05:12:24",1,"2006-02-15 21:30:53"
1272,"2005-06-15 07:42:58",3128,135,"2005-06-18 12:00:58",1,"2006-02-15 21:30:53"
1273,"2005-06-15 07:52:35",361,530,"2005-06-21 04:55:35",1,"2006-02-15 21:30:53"
1274,"2005-06-15 07:52:52",2765,430,"2005-06-20 10:01:52",1,"2006-02-15 21:30:53"
1275,"2005-06-15 07:55:43",950,214,"2005-06-20 06:30:43",1,"2006-02-15 21:30:53"
1276,"2005-06-15 08:00:13",1508,388,"2005-06-24 02:55:13",2,"2006-02-15 21:30:53"
1277,"2005-06-15 08:01:29",76,464,"2005-06-22 07:16:29",2,"2006-02-15 21:30:53"
1278,"2005-06-15 08:09:12",4471,191,"2005-06-17 04:05:12",2,"2006-02-15 21:30:53"
1279,"2005-06-15 08:13:57",698,183,"2005-06-18 09:36:57",2,"2006-02-15 21:30:53"
1280,"2005-06-15 08:16:06",2597,266,"2005-06-21 04:10:06",2,"2006-02-15 21:30:53"
1281,"2005-06-15 08:21:39",2963,511,"2005-06-17 11:03:39",1,"2006-02-15 21:30:53"
1282,"2005-06-15 08:25:33",186,539,"2005-06-21 04:02:33",1,"2006-02-15 21:30:53"
1283,"2005-06-15 08:27:30",3177,470,"2005-06-16 09:46:30",2,"2006-02-15 21:30:53"
1284,"2005-06-15 08:27:33",1387,463,"2005-06-17 03:58:33",1,"2006-02-15 21:30:53"
1285,"2005-06-15 08:33:06",1054,254,"2005-06-19 07:36:06",1,"2006-02-15 21:30:53"
1286,"2005-06-15 08:41:13",774,179,"2005-06-23 13:13:13",2,"2006-02-15 21:30:53"
1287,"2005-06-15 08:41:38",4204,104,"2005-06-22 14:02:38",1,"2006-02-15 21:30:53"
1288,"2005-06-15 08:41:52",830,456,"2005-06-19 05:30:52",2,"2006-02-15 21:30:53"
1289,"2005-06-15 08:44:09",3154,522,"2005-06-21 06:04:09",1,"2006-02-15 21:30:53"
1290,"2005-06-15 08:52:44",1921,540,"2005-06-24 13:36:44",2,"2006-02-15 21:30:53"
1291,"2005-06-15 08:55:01",3090,176,"2005-06-24 04:22:01",1,"2006-02-15 21:30:53"
1292,"2005-06-15 09:03:52",4535,178,"2005-06-21 07:53:52",1,"2006-02-15 21:30:53"
1293,"2005-06-15 09:06:24",2882,127,"2005-06-18 06:58:24",1,"2006-02-15 21:30:53"
1294,"2005-06-15 09:09:27",339,327,"2005-06-19 04:43:27",1,"2006-02-15 21:30:53"
1295,"2005-06-15 09:17:20",2897,449,"2005-06-18 10:14:20",2,"2006-02-15 21:30:53"
1296,"2005-06-15 09:23:59",1760,200,"2005-06-19 03:44:59",2,"2006-02-15 21:30:53"
1297,"2005-06-15 09:31:28",1075,4,"2005-06-19 04:33:28",1,"2006-02-15 21:30:53"
1298,"2005-06-15 09:32:53",4163,334,"2005-06-16 12:40:53",2,"2006-02-15 21:30:53"
1299,"2005-06-15 09:34:50",1584,91,"2005-06-21 12:07:50",1,"2006-02-15 21:30:53"
1300,"2005-06-15 09:36:19",2524,186,"2005-06-17 13:54:19",2,"2006-02-15 21:30:53"
1301,"2005-06-15 09:46:33",1484,33,"2005-06-24 08:56:33",2,"2006-02-15 21:30:53"
1302,"2005-06-15 09:48:37",324,285,"2005-06-22 06:18:37",1,"2006-02-15 21:30:53"
1303,"2005-06-15 09:55:57",2001,365,"2005-06-20 14:26:57",2,"2006-02-15 21:30:53"
1304,"2005-06-15 09:56:02",1304,242,"2005-06-24 07:00:02",1,"2006-02-15 21:30:53"
1305,"2005-06-15 09:59:16",187,8,"2005-06-19 09:48:16",2,"2006-02-15 21:30:53"
1306,"2005-06-15 09:59:24",2132,524,"2005-06-19 09:37:24",2,"2006-02-15 21:30:53"
1307,"2005-06-15 10:06:15",368,507,"2005-06-20 04:50:15",2,"2006-02-15 21:30:53"
1308,"2005-06-15 10:07:48",220,236,"2005-06-24 15:24:48",1,"2006-02-15 21:30:53"
1309,"2005-06-15 10:10:49",2356,200,"2005-06-16 12:44:49",1,"2006-02-15 21:30:53"
1310,"2005-06-15 10:11:42",2045,27,"2005-06-16 15:00:42",1,"2006-02-15 21:30:53"
1311,"2005-06-15 10:11:59",3114,326,"2005-06-17 08:44:59",2,"2006-02-15 21:30:53"
1312,"2005-06-15 10:16:27",3608,313,"2005-06-20 06:53:27",1,"2006-02-15 21:30:53"
1313,"2005-06-15 10:18:34",1657,448,"2005-06-23 06:25:34",1,"2006-02-15 21:30:53"
1314,"2005-06-15 10:21:45",1359,538,"2005-06-21 14:10:45",1,"2006-02-15 21:30:53"
1315,"2005-06-15 10:23:08",3844,405,"2005-06-21 15:06:08",1,"2006-02-15 21:30:53"
1316,"2005-06-15 10:26:23",3891,138,"2005-06-21 09:25:23",2,"2006-02-15 21:30:53"
1317,"2005-06-15 10:30:19",3696,316,"2005-06-24 08:18:19",1,"2006-02-15 21:30:53"
1318,"2005-06-15 10:34:26",2760,341,"2005-06-20 16:20:26",1,"2006-02-15 21:30:53"
1319,"2005-06-15 10:39:05",4296,190,"2005-06-18 05:25:05",1,"2006-02-15 21:30:53"
1320,"2005-06-15 10:42:13",4484,84,"2005-06-17 13:44:13",1,"2006-02-15 21:30:53"
1321,"2005-06-15 10:49:17",3516,204,"2005-06-16 15:30:17",1,"2006-02-15 21:30:53"
1322,"2005-06-15 10:55:09",2076,217,"2005-06-18 15:14:09",2,"2006-02-15 21:30:53"
1323,"2005-06-15 10:55:17",3273,187,"2005-06-24 09:51:17",1,"2006-02-15 21:30:53"
1324,"2005-06-15 11:02:45",764,394,"2005-06-17 07:14:45",1,"2006-02-15 21:30:53"
1325,"2005-06-15 11:03:24",52,193,"2005-06-20 10:54:24",1,"2006-02-15 21:30:53"
1326,"2005-06-15 11:07:39",59,548,"2005-06-22 05:55:39",2,"2006-02-15 21:30:53"
1327,"2005-06-15 11:11:39",403,539,"2005-06-22 10:45:39",1,"2006-02-15 21:30:53"
1328,"2005-06-15 11:23:27",3665,295,"2005-06-19 12:42:27",2,"2006-02-15 21:30:53"
1329,"2005-06-15 11:25:06",1154,359,"2005-06-17 16:10:06",2,"2006-02-15 21:30:53"
1330,"2005-06-15 11:29:17",1219,587,"2005-06-24 13:36:17",2,"2006-02-15 21:30:53"
1331,"2005-06-15 11:34:33",3089,277,"2005-06-21 09:46:33",1,"2006-02-15 21:30:53"
1332,"2005-06-15 11:36:01",1412,116,"2005-06-17 14:29:01",1,"2006-02-15 21:30:53"
1333,"2005-06-15 11:37:08",448,310,"2005-06-16 10:13:08",2,"2006-02-15 21:30:53"
1334,"2005-06-15 11:43:09",1242,269,"2005-06-20 15:45:09",2,"2006-02-15 21:30:53"
1335,"2005-06-15 11:51:30",1713,64,"2005-06-16 16:42:30",2,"2006-02-15 21:30:53"
1336,"2005-06-15 12:01:34",1696,290,"2005-06-23 12:05:34",1,"2006-02-15 21:30:53"
1337,"2005-06-15 12:12:42",4014,465,"2005-06-20 12:38:42",2,"2006-02-15 21:30:53"
1338,"2005-06-15 12:17:34",1206,25,"2005-06-19 07:40:34",2,"2006-02-15 21:30:53"
1339,"2005-06-15 12:21:56",424,162,"2005-06-19 07:46:56",1,"2006-02-15 21:30:53"
1340,"2005-06-15 12:24:15",251,100,"2005-06-22 13:02:15",1,"2006-02-15 21:30:53"
1341,"2005-06-15 12:26:18",3363,344,"2005-06-21 07:26:18",2,"2006-02-15 21:30:53"
1342,"2005-06-15 12:26:21",4429,427,"2005-06-22 11:23:21",1,"2006-02-15 21:30:53"
1343,"2005-06-15 12:27:19",2393,416,"2005-06-21 16:57:19",1,"2006-02-15 21:30:53"
1344,"2005-06-15 12:29:41",1625,585,"2005-06-22 12:45:41",2,"2006-02-15 21:30:53"
1345,"2005-06-15 12:32:13",1041,270,"2005-06-24 14:02:13",1,"2006-02-15 21:30:53"
1346,"2005-06-15 12:39:52",4540,585,"2005-06-24 17:43:52",1,"2006-02-15 21:30:53"
1347,"2005-06-15 12:43:43",374,190,"2005-06-16 09:55:43",1,"2006-02-15 21:30:53"
1348,"2005-06-15 12:45:30",2078,196,"2005-06-17 17:12:30",1,"2006-02-15 21:30:53"
1349,"2005-06-15 12:49:02",1131,267,"2005-06-17 15:20:02",1,"2006-02-15 21:30:53"
1350,"2005-06-15 12:50:25",4261,316,"2005-06-23 11:35:25",1,"2006-02-15 21:30:53"
1351,"2005-06-15 12:51:03",2364,484,"2005-06-22 07:23:03",1,"2006-02-15 21:30:53"
1352,"2005-06-15 12:58:27",4352,276,"2005-06-18 10:57:27",1,"2006-02-15 21:30:53"
1353,"2005-06-15 13:13:36",2711,480,"2005-06-21 08:46:36",2,"2006-02-15 21:30:53"
1354,"2005-06-15 13:13:49",1294,83,"2005-06-23 13:08:49",2,"2006-02-15 21:30:53"
1355,"2005-06-15 13:13:59",4203,499,"2005-06-20 12:23:59",1,"2006-02-15 21:30:53"
1356,"2005-06-15 13:17:01",1318,212,"2005-06-19 16:22:01",1,"2006-02-15 21:30:53"
1357,"2005-06-15 13:26:23",2285,205,"2005-06-23 14:12:23",1,"2006-02-15 21:30:53"
1358,"2005-06-15 13:28:48",2025,442,"2005-06-21 13:40:48",1,"2006-02-15 21:30:53"
1359,"2005-06-15 13:30:30",3140,353,"2005-06-17 14:55:30",1,"2006-02-15 21:30:53"
1360,"2005-06-15 13:32:15",4107,14,"2005-06-18 10:59:15",2,"2006-02-15 21:30:53"
1361,"2005-06-15 13:37:38",4338,115,"2005-06-19 17:08:38",1,"2006-02-15 21:30:53"
1362,"2005-06-15 13:53:32",4524,98,"2005-06-19 16:05:32",1,"2006-02-15 21:30:53"
1363,"2005-06-15 14:05:11",771,197,"2005-06-17 19:53:11",2,"2006-02-15 21:30:53"
1364,"2005-06-15 14:05:32",115,400,"2005-06-16 15:31:32",1,"2006-02-15 21:30:53"
1365,"2005-06-15 14:09:55",3813,25,"2005-06-19 18:11:55",2,"2006-02-15 21:30:53"
1366,"2005-06-15 14:21:00",4238,576,"2005-06-24 17:36:00",1,"2006-02-15 21:30:53"
1367,"2005-06-15 14:25:17",1505,94,"2005-06-21 19:15:17",1,"2006-02-15 21:30:53"
1368,"2005-06-15 14:27:47",2020,222,"2005-06-23 18:07:47",2,"2006-02-15 21:30:53"
1369,"2005-06-15 14:29:14",679,221,"2005-06-16 13:01:14",1,"2006-02-15 21:30:53"
1370,"2005-06-15 14:31:05",644,396,"2005-06-22 19:23:05",2,"2006-02-15 21:30:53"
1371,"2005-06-15 14:38:15",760,491,"2005-06-23 15:36:15",1,"2006-02-15 21:30:53"
1372,"2005-06-15 14:45:48",3740,108,"2005-06-17 18:02:48",2,"2006-02-15 21:30:53"
1373,"2005-06-15 14:48:04",284,51,"2005-06-22 09:48:04",1,"2006-02-15 21:30:53"
1374,"2005-06-15 14:49:54",3353,120,"2005-06-22 12:30:54",1,"2006-02-15 21:30:53"
1375,"2005-06-15 14:54:56",3555,500,"2005-06-21 14:48:56",2,"2006-02-15 21:30:53"
1376,"2005-06-15 14:59:06",4271,215,"2005-06-19 17:34:06",1,"2006-02-15 21:30:53"
1377,"2005-06-15 15:02:03",3410,245,"2005-06-22 14:54:03",2,"2006-02-15 21:30:53"
1378,"2005-06-15 15:03:15",4372,253,"2005-06-19 16:50:15",1,"2006-02-15 21:30:53"
1379,"2005-06-15 15:05:10",810,212,"2005-06-18 12:11:10",1,"2006-02-15 21:30:53"
1380,"2005-06-15 15:13:10",3376,158,"2005-06-18 12:42:10",2,"2006-02-15 21:30:53"
1381,"2005-06-15 15:17:21",3262,300,"2005-06-20 17:07:21",2,"2006-02-15 21:30:53"
1382,"2005-06-15 15:18:08",3133,455,"2005-06-22 09:22:08",2,"2006-02-15 21:30:53"
1383,"2005-06-15 15:20:06",1281,379,"2005-06-24 18:42:06",2,"2006-02-15 21:30:53"
1384,"2005-06-15 15:22:03",4242,242,"2005-06-18 18:11:03",1,"2006-02-15 21:30:53"
1385,"2005-06-15 15:28:23",4073,396,"2005-06-18 18:37:23",1,"2006-02-15 21:30:53"
1386,"2005-06-15 15:38:58",1296,322,"2005-06-20 16:28:58",2,"2006-02-15 21:30:53"
1387,"2005-06-15 15:40:56",515,278,"2005-06-17 10:39:56",1,"2006-02-15 21:30:53"
1388,"2005-06-15 15:48:41",3987,500,"2005-06-22 17:51:41",1,"2006-02-15 21:30:53"
1389,"2005-06-15 15:49:01",965,472,"2005-06-19 11:08:01",2,"2006-02-15 21:30:53"
1390,"2005-06-15 16:06:29",4502,254,"2005-06-19 13:11:29",1,"2006-02-15 21:30:53"
1391,"2005-06-15 16:11:21",4213,273,"2005-06-22 21:32:21",1,"2006-02-15 21:30:53"
1392,"2005-06-15 16:12:27",363,460,"2005-06-16 17:30:27",2,"2006-02-15 21:30:53"
1393,"2005-06-15 16:12:50",2767,177,"2005-06-19 10:40:50",2,"2006-02-15 21:30:53"
1394,"2005-06-15 16:17:21",2802,268,"2005-06-21 20:44:21",2,"2006-02-15 21:30:53"
1395,"2005-06-15 16:21:04",753,252,"2005-06-23 12:52:04",2,"2006-02-15 21:30:53"
1396,"2005-06-15 16:22:38",1007,103,"2005-06-17 15:53:38",2,"2006-02-15 21:30:53"
1397,"2005-06-15 16:25:26",1830,444,"2005-06-21 20:45:26",1,"2006-02-15 21:30:53"
1398,"2005-06-15 16:28:42",4402,527,"2005-06-16 12:11:42",1,"2006-02-15 21:30:53"
1399,"2005-06-15 16:29:51",1435,469,"2005-06-18 14:06:51",1,"2006-02-15 21:30:53"
1400,"2005-06-15 16:29:56",230,571,"2005-06-21 14:43:56",2,"2006-02-15 21:30:53"
1401,"2005-06-15 16:30:22",4081,366,"2005-06-21 11:07:22",2,"2006-02-15 21:30:53"
1402,"2005-06-15 16:31:08",1951,381,"2005-06-24 19:31:08",1,"2006-02-15 21:30:53"
1403,"2005-06-15 16:31:59",3380,546,"2005-06-22 14:23:59",2,"2006-02-15 21:30:53"
1404,"2005-06-15 16:38:53",2776,375,"2005-06-16 20:37:53",1,"2006-02-15 21:30:53"
1405,"2005-06-15 16:41:26",3184,243,"2005-06-21 18:16:26",1,"2006-02-15 21:30:53"
1406,"2005-06-15 16:44:00",3118,199,"2005-06-21 11:22:00",2,"2006-02-15 21:30:53"
1407,"2005-06-15 16:45:07",1286,89,"2005-06-23 14:01:07",1,"2006-02-15 21:30:53"
1408,"2005-06-15 16:57:58",2655,396,"2005-06-22 21:08:58",1,"2006-02-15 21:30:53"
1409,"2005-06-15 16:58:12",1398,297,"2005-06-21 11:21:12",2,"2006-02-15 21:30:53"
1410,"2005-06-15 16:59:46",809,356,"2005-06-21 16:38:46",1,"2006-02-15 21:30:53"
1411,"2005-06-15 17:05:36",2276,520,"2005-06-21 14:05:36",1,"2006-02-15 21:30:53"
1412,"2005-06-15 17:09:48",4236,166,"2005-06-18 17:05:48",2,"2006-02-15 21:30:53"
1413,"2005-06-15 17:25:07",3625,96,"2005-06-21 17:17:07",2,"2006-02-15 21:30:53"
1414,"2005-06-15 17:26:32",4005,304,"2005-06-22 22:30:32",1,"2006-02-15 21:30:53"
1415,"2005-06-15 17:31:57",1885,331,"2005-06-16 22:22:57",2,"2006-02-15 21:30:53"
1416,"2005-06-15 17:44:57",3816,167,"2005-06-22 20:53:57",2,"2006-02-15 21:30:53"
1417,"2005-06-15 17:45:51",1334,570,"2005-06-19 14:00:51",2,"2006-02-15 21:30:53"
1418,"2005-06-15 17:51:27",2974,591,"2005-06-18 23:20:27",2,"2006-02-15 21:30:53"
1419,"2005-06-15 17:54:50",1208,312,"2005-06-17 19:44:50",2,"2006-02-15 21:30:53"
1420,"2005-06-15 17:56:14",4149,255,"2005-06-24 15:45:14",2,"2006-02-15 21:30:53"
1421,"2005-06-15 17:57:04",2439,533,"2005-06-21 20:38:04",2,"2006-02-15 21:30:53"
1422,"2005-06-15 18:02:53",1021,1,"2005-06-19 15:54:53",2,"2006-02-15 21:30:53"
1423,"2005-06-15 18:08:12",1396,592,"2005-06-24 19:13:12",1,"2006-02-15 21:30:53"
1424,"2005-06-15 18:08:14",887,224,"2005-06-24 23:16:14",2,"2006-02-15 21:30:53"
1425,"2005-06-15 18:13:46",1308,108,"2005-06-18 22:50:46",2,"2006-02-15 21:30:53"
1426,"2005-06-15 18:16:24",4412,363,"2005-06-18 22:15:24",2,"2006-02-15 21:30:53"
1427,"2005-06-15 18:17:28",14,100,"2005-06-16 15:47:28",1,"2006-02-15 21:30:53"
1428,"2005-06-15 18:19:30",3689,583,"2005-06-22 23:05:30",2,"2006-02-15 21:30:53"
1429,"2005-06-15 18:24:10",4116,362,"2005-06-18 16:30:10",1,"2006-02-15 21:30:53"
1430,"2005-06-15 18:24:55",3412,194,"2005-06-16 12:26:55",1,"2006-02-15 21:30:53"
1431,"2005-06-15 18:26:29",3193,438,"2005-06-21 17:33:29",1,"2006-02-15 21:30:53"
1432,"2005-06-15 18:27:24",523,339,"2005-06-21 14:03:24",2,"2006-02-15 21:30:53"
1433,"2005-06-15 18:30:00",2310,88,"2005-06-16 15:14:00",1,"2006-02-15 21:30:53"
1434,"2005-06-15 18:30:46",4228,544,"2005-06-24 17:51:46",1,"2006-02-15 21:30:53"
1435,"2005-06-15 18:32:30",2769,510,"2005-06-24 12:44:30",2,"2006-02-15 21:30:53"
1436,"2005-06-15 18:35:40",924,584,"2005-06-21 15:04:40",1,"2006-02-15 21:30:53"
1437,"2005-06-15 18:37:04",3263,96,"2005-06-20 12:56:04",1,"2006-02-15 21:30:53"
1438,"2005-06-15 18:38:51",1816,82,"2005-06-17 23:50:51",1,"2006-02-15 21:30:53"
1439,"2005-06-15 18:45:32",3155,589,"2005-06-22 15:57:32",2,"2006-02-15 21:30:53"
1440,"2005-06-15 18:53:14",2921,26,"2005-06-24 15:28:14",1,"2006-02-15 21:30:53"
1441,"2005-06-15 18:54:21",2095,444,"2005-06-22 22:48:21",2,"2006-02-15 21:30:53"
1442,"2005-06-15 18:55:34",3912,122,"2005-06-22 20:41:34",2,"2006-02-15 21:30:53"
1443,"2005-06-15 18:57:51",2485,435,"2005-06-18 14:18:51",2,"2006-02-15 21:30:53"
1444,"2005-06-15 19:08:16",1303,539,"2005-06-24 15:20:16",2,"2006-02-15 21:30:53"
1445,"2005-06-15 19:10:07",3189,537,"2005-06-19 20:27:07",2,"2006-02-15 21:30:53"
1446,"2005-06-15 19:13:45",1989,506,"2005-06-23 19:43:45",2,"2006-02-15 21:30:53"
1447,"2005-06-15 19:13:51",984,471,"2005-06-21 22:56:51",1,"2006-02-15 21:30:53"
1448,"2005-06-15 19:17:16",2781,246,"2005-06-23 21:56:16",2,"2006-02-15 21:30:53"
1449,"2005-06-15 19:19:16",1525,471,"2005-06-18 15:24:16",2,"2006-02-15 21:30:53"
1450,"2005-06-15 19:22:08",4132,268,"2005-06-16 17:53:08",2,"2006-02-15 21:30:53"
1451,"2005-06-15 19:30:18",3560,18,"2005-06-19 19:22:18",2,"2006-02-15 21:30:53"
1452,"2005-06-15 19:32:52",4348,243,"2005-06-16 13:45:52",1,"2006-02-15 21:30:53"
1453,"2005-06-15 19:36:39",3274,457,"2005-06-19 00:16:39",2,"2006-02-15 21:30:53"
1454,"2005-06-15 19:49:41",102,298,"2005-06-17 15:17:41",2,"2006-02-15 21:30:53"
1455,"2005-06-15 19:51:06",2194,358,"2005-06-18 21:54:06",2,"2006-02-15 21:30:53"
1456,"2005-06-15 20:00:11",632,590,"2005-06-23 18:03:11",2,"2006-02-15 21:30:53"
1457,"2005-06-15 20:05:49",730,345,"2005-06-19 15:35:49",1,"2006-02-15 21:30:53"
1458,"2005-06-15 20:24:05",3546,178,"2005-06-21 01:22:05",1,"2006-02-15 21:30:53"
1459,"2005-06-15 20:25:53",1862,218,"2005-06-22 23:34:53",2,"2006-02-15 21:30:53"
1460,"2005-06-15 20:27:02",1405,565,"2005-06-16 16:21:02",1,"2006-02-15 21:30:53"
1461,"2005-06-15 20:32:08",4479,216,"2005-06-23 01:08:08",1,"2006-02-15 21:30:53"
1462,"2005-06-15 20:37:40",653,187,"2005-06-18 19:36:40",2,"2006-02-15 21:30:53"
1463,"2005-06-15 20:37:51",2984,569,"2005-06-21 16:46:51",2,"2006-02-15 21:30:53"
1464,"2005-06-15 20:38:14",4113,387,"2005-06-17 14:52:14",2,"2006-02-15 21:30:53"
1465,"2005-06-15 20:43:08",609,387,"2005-06-18 23:00:08",1,"2006-02-15 21:30:53"
1466,"2005-06-15 20:46:04",1057,288,"2005-06-24 22:46:04",1,"2006-02-15 21:30:53"
1467,"2005-06-15 20:47:10",688,506,"2005-06-22 00:30:10",1,"2006-02-15 21:30:53"
1468,"2005-06-15 20:48:22",228,230,"2005-06-21 19:48:22",1,"2006-02-15 21:30:53"
1469,"2005-06-15 20:52:36",2451,580,"2005-06-21 19:55:36",1,"2006-02-15 21:30:53"
1470,"2005-06-15 20:53:07",4044,11,"2005-06-25 02:12:07",1,"2006-02-15 21:30:53"
1471,"2005-06-15 20:53:26",565,428,"2005-06-24 18:25:26",2,"2006-02-15 21:30:53"
1472,"2005-06-15 20:54:55",4233,373,"2005-06-24 21:52:55",2,"2006-02-15 21:30:53"
1473,"2005-06-15 20:55:20",2377,249,"2005-06-21 16:40:20",2,"2006-02-15 21:30:53"
1474,"2005-06-15 20:55:42",164,202,"2005-06-19 02:41:42",2,"2006-02-15 21:30:53"
1475,"2005-06-15 21:08:01",1834,344,"2005-06-18 22:33:01",2,"2006-02-15 21:30:53"
1476,"2005-06-15 21:08:46",1407,1,"2005-06-25 02:26:46",1,"2006-02-15 21:30:53"
1477,"2005-06-15 21:11:18",418,51,"2005-06-19 02:05:18",1,"2006-02-15 21:30:53"
1478,"2005-06-15 21:12:13",435,336,"2005-06-18 21:43:13",2,"2006-02-15 21:30:53"
1479,"2005-06-15 21:13:38",172,592,"2005-06-17 01:26:38",2,"2006-02-15 21:30:53"
1480,"2005-06-15 21:17:17",2598,27,"2005-06-23 22:01:17",1,"2006-02-15 21:30:53"
1481,"2005-06-15 21:17:58",3041,125,"2005-06-18 17:53:58",2,"2006-02-15 21:30:53"
1482,"2005-06-15 21:18:16",3980,60,"2005-06-16 17:07:16",1,"2006-02-15 21:30:53"
1483,"2005-06-15 21:21:58",1926,242,"2005-06-24 00:44:58",2,"2006-02-15 21:30:53"
1484,"2005-06-15 21:22:35",1589,320,"2005-06-20 02:27:35",2,"2006-02-15 21:30:53"
1485,"2005-06-15 21:24:10",194,281,"2005-06-24 23:03:10",1,"2006-02-15 21:30:53"
1486,"2005-06-15 21:25:30",847,62,"2005-06-16 16:36:30",1,"2006-02-15 21:30:53"
1487,"2005-06-15 21:27:42",3791,76,"2005-06-22 03:09:42",2,"2006-02-15 21:30:53"
1488,"2005-06-15 21:39:54",1081,355,"2005-06-16 20:33:54",1,"2006-02-15 21:30:53"
1489,"2005-06-15 21:41:38",699,213,"2005-06-22 17:00:38",1,"2006-02-15 21:30:53"
1490,"2005-06-15 21:42:17",3515,123,"2005-06-22 02:01:17",2,"2006-02-15 21:30:53"
1491,"2005-06-15 21:48:18",848,354,"2005-06-20 16:40:18",1,"2006-02-15 21:30:53"
1492,"2005-06-15 21:48:35",4148,360,"2005-06-17 17:18:35",1,"2006-02-15 21:30:53"
1493,"2005-06-15 21:50:32",4581,235,"2005-06-17 01:02:32",2,"2006-02-15 21:30:53"
1494,"2005-06-15 21:54:20",244,575,"2005-06-19 18:46:20",1,"2006-02-15 21:30:53"
1495,"2005-06-15 21:54:31",1842,175,"2005-06-19 00:08:31",2,"2006-02-15 21:30:53"
1496,"2005-06-15 21:55:58",3915,290,"2005-06-17 02:28:58",2,"2006-02-15 21:30:53"
1497,"2005-06-15 21:56:39",2958,44,"2005-06-20 20:32:39",1,"2006-02-15 21:30:53"
1498,"2005-06-15 21:58:00",3690,352,"2005-06-17 21:50:00",1,"2006-02-15 21:30:53"
1499,"2005-06-15 21:58:07",165,375,"2005-06-22 19:37:07",2,"2006-02-15 21:30:53"
1500,"2005-06-15 22:00:45",2652,237,"2005-06-18 16:19:45",2,"2006-02-15 21:30:53"
1501,"2005-06-15 22:02:35",1780,148,"2005-06-23 18:59:35",1,"2006-02-15 21:30:53"
1502,"2005-06-15 22:03:14",3277,5,"2005-06-23 18:42:14",2,"2006-02-15 21:30:53"
1503,"2005-06-15 22:07:09",763,197,"2005-06-20 23:15:09",1,"2006-02-15 21:30:53"
1504,"2005-06-15 22:08:06",3621,423,"2005-06-24 01:16:06",2,"2006-02-15 21:30:53"
1505,"2005-06-15 22:12:50",2961,561,"2005-06-17 21:37:50",2,"2006-02-15 21:30:53"
1506,"2005-06-15 22:19:37",4085,404,"2005-06-22 18:28:37",1,"2006-02-15 21:30:53"
1507,"2005-06-15 22:25:26",2514,172,"2005-06-19 17:00:26",1,"2006-02-15 21:30:53"
1508,"2005-06-15 22:33:24",1141,511,"2005-06-18 02:27:24",2,"2006-02-15 21:30:53"
1509,"2005-06-15 22:35:53",655,167,"2005-06-23 17:09:53",2,"2006-02-15 21:30:53"
1510,"2005-06-15 22:39:34",989,338,"2005-06-24 19:21:34",2,"2006-02-15 21:30:53"
1511,"2005-06-15 22:45:06",1135,330,"2005-06-22 22:48:06",1,"2006-02-15 21:30:53"
1512,"2005-06-15 22:53:03",1628,452,"2005-06-23 18:56:03",1,"2006-02-15 21:30:53"
1513,"2005-06-15 22:53:30",1173,368,"2005-06-23 01:00:30",1,"2006-02-15 21:30:53"
1514,"2005-06-15 22:57:34",2937,410,"2005-06-19 20:27:34",1,"2006-02-15 21:30:53"
1515,"2005-06-15 23:07:50",3244,115,"2005-06-20 02:33:50",2,"2006-02-15 21:30:53"
1516,"2005-06-15 23:11:10",3702,530,"2005-06-17 20:37:10",1,"2006-02-15 21:30:53"
1517,"2005-06-15 23:20:26",3728,148,"2005-06-23 23:23:26",1,"2006-02-15 21:30:53"
1518,"2005-06-15 23:36:37",4537,237,"2005-06-16 18:24:37",2,"2006-02-15 21:30:53"
1519,"2005-06-15 23:55:27",1553,155,"2005-06-21 04:06:27",2,"2006-02-15 21:30:53"
1520,"2005-06-15 23:57:20",3419,341,"2005-06-24 23:46:20",1,"2006-02-15 21:30:53"
1521,"2005-06-15 23:58:53",4299,149,"2005-06-18 03:10:53",1,"2006-02-15 21:30:53"
1522,"2005-06-16 00:17:39",235,133,"2005-06-22 05:38:39",1,"2006-02-15 21:30:53"
1523,"2005-06-16 00:18:40",681,349,"2005-06-17 02:50:40",2,"2006-02-15 21:30:53"
1524,"2005-06-16 00:25:52",3439,177,"2005-06-19 03:32:52",1,"2006-02-15 21:30:53"
1525,"2005-06-16 00:26:07",1467,304,"2005-06-19 22:37:07",2,"2006-02-15 21:30:53"
1526,"2005-06-16 00:27:51",1940,499,"2005-06-19 00:19:51",1,"2006-02-15 21:30:53"
1527,"2005-06-16 00:31:40",296,188,"2005-06-21 05:20:40",1,"2006-02-15 21:30:53"
1528,"2005-06-16 00:32:52",4297,110,"2005-06-25 01:07:52",2,"2006-02-15 21:30:53"
1529,"2005-06-16 00:37:35",1688,362,"2005-06-22 18:58:35",2,"2006-02-15 21:30:53"
1530,"2005-06-16 00:38:07",2421,392,"2005-06-24 02:45:07",2,"2006-02-15 21:30:53"
1531,"2005-06-16 00:40:34",1388,515,"2005-06-22 02:44:34",1,"2006-02-15 21:30:53"
1532,"2005-06-16 00:41:31",3793,290,"2005-06-20 21:36:31",1,"2006-02-15 21:30:53"
1533,"2005-06-16 00:46:02",2452,116,"2005-06-17 20:11:02",1,"2006-02-15 21:30:53"
1534,"2005-06-16 00:49:32",3124,42,"2005-06-18 02:41:32",1,"2006-02-15 21:30:53"
1535,"2005-06-16 00:52:04",1096,202,"2005-06-20 22:47:04",2,"2006-02-15 21:30:53"
1536,"2005-06-16 00:52:22",3248,339,"2005-06-17 21:43:22",1,"2006-02-15 21:30:53"
1537,"2005-06-16 00:52:51",4577,594,"2005-06-20 19:33:51",2,"2006-02-15 21:30:53"
1538,"2005-06-16 01:05:50",708,430,"2005-06-18 19:48:50",1,"2006-02-15 21:30:53"
1539,"2005-06-16 01:11:25",267,390,"2005-06-23 03:43:25",2,"2006-02-15 21:30:53"
1540,"2005-06-16 01:14:56",2707,586,"2005-06-20 23:31:56",2,"2006-02-15 21:30:53"
1541,"2005-06-16 01:15:59",1911,189,"2005-06-22 21:26:59",2,"2006-02-15 21:30:53"
1542,"2005-06-16 01:20:05",1714,182,"2005-06-22 03:59:05",1,"2006-02-15 21:30:53"
1543,"2005-06-16 01:24:08",1188,28,"2005-06-18 06:24:08",2,"2006-02-15 21:30:53"
1544,"2005-06-16 01:28:22",269,43,"2005-06-17 06:57:22",2,"2006-02-15 21:30:53"
1545,"2005-06-16 01:31:23",762,563,"2005-06-24 05:50:23",1,"2006-02-15 21:30:53"
1546,"2005-06-16 01:34:05",3913,3,"2005-06-24 04:27:05",1,"2006-02-15 21:30:53"
1547,"2005-06-16 01:42:24",2909,343,"2005-06-19 01:13:24",1,"2006-02-15 21:30:53"
1548,"2005-06-16 01:43:33",2094,374,"2005-06-23 22:04:33",2,"2006-02-15 21:30:53"
1549,"2005-06-16 01:57:15",266,69,"2005-06-18 23:30:15",1,"2006-02-15 21:30:53"
1550,"2005-06-16 01:58:35",2003,345,"2005-06-18 23:56:35",1,"2006-02-15 21:30:53"
1551,"2005-06-16 02:01:15",4088,268,"2005-06-22 07:33:15",1,"2006-02-15 21:30:53"
1552,"2005-06-16 02:01:37",819,518,"2005-06-21 00:59:37",2,"2006-02-15 21:30:53"
1553,"2005-06-16 02:02:44",4026,416,"2005-06-19 07:50:44",1,"2006-02-15 21:30:53"
1554,"2005-06-16 02:16:47",715,155,"2005-06-22 05:15:47",1,"2006-02-15 21:30:53"
1555,"2005-06-16 02:17:07",4168,256,"2005-06-22 06:28:07",1,"2006-02-15 21:30:53"
1556,"2005-06-16 02:19:02",533,54,"2005-06-17 22:36:02",2,"2006-02-15 21:30:53"
1557,"2005-06-16 02:28:35",2617,439,"2005-06-16 22:11:35",2,"2006-02-15 21:30:53"
1558,"2005-06-16 02:33:53",4350,20,"2005-06-19 20:50:53",2,"2006-02-15 21:30:53"
1559,"2005-06-16 02:35:03",716,574,"2005-06-19 21:22:03",1,"2006-02-15 21:30:53"
1560,"2005-06-16 02:36:43",3418,239,"2005-06-24 23:10:43",2,"2006-02-15 21:30:53"
1561,"2005-06-16 02:41:30",2263,431,"2005-06-22 05:19:30",1,"2006-02-15 21:30:53"
1562,"2005-06-16 02:46:27",595,395,"2005-06-23 00:56:27",2,"2006-02-15 21:30:53"
1563,"2005-06-16 02:46:28",1516,262,"2005-06-18 02:37:28",1,"2006-02-15 21:30:53"
1564,"2005-06-16 02:47:07",145,343,"2005-06-24 03:12:07",1,"2006-02-15 21:30:53"
1565,"2005-06-16 03:13:09",3833,506,"2005-06-16 22:42:09",2,"2006-02-15 21:30:53"
1566,"2005-06-16 03:13:20",3215,174,"2005-06-24 01:59:20",2,"2006-02-15 21:30:53"
1567,"2005-06-16 03:13:30",3098,320,"2005-06-21 23:56:30",1,"2006-02-15 21:30:53"
1568,"2005-06-16 03:14:01",635,178,"2005-06-19 21:17:01",2,"2006-02-15 21:30:53"
1569,"2005-06-16 03:19:09",3927,363,"2005-06-18 21:55:09",2,"2006-02-15 21:30:53"
1570,"2005-06-16 03:21:33",3711,82,"2005-06-22 22:03:33",2,"2006-02-15 21:30:53"
1571,"2005-06-16 03:22:00",1019,54,"2005-06-22 23:27:00",1,"2006-02-15 21:30:53"
1572,"2005-06-16 03:23:22",4179,560,"2005-06-20 06:03:22",2,"2006-02-15 21:30:53"
1573,"2005-06-16 03:31:39",4536,371,"2005-06-25 04:04:39",1,"2006-02-15 21:30:53"
1574,"2005-06-16 03:39:56",161,305,"2005-06-22 05:40:56",2,"2006-02-15 21:30:53"
1575,"2005-06-16 03:41:38",3317,6,"2005-06-22 03:01:38",2,"2006-02-15 21:30:53"
1576,"2005-06-16 03:54:39",1014,442,"2005-06-24 21:55:39",2,"2006-02-15 21:30:53"
1577,"2005-06-16 04:03:28",367,327,"2005-06-24 22:40:28",2,"2006-02-15 21:30:53"
1578,"2005-06-16 04:08:16",3397,365,"2005-06-23 07:57:16",1,"2006-02-15 21:30:53"
1579,"2005-06-16 04:09:08",158,35,"2005-06-21 05:21:08",2,"2006-02-15 21:30:53"
1580,"2005-06-16 04:12:25",2479,87,"2005-06-20 06:53:25",1,"2006-02-15 21:30:53"
1581,"2005-06-16 04:28:45",4004,109,"2005-06-18 07:07:45",1,"2006-02-15 21:30:53"
1582,"2005-06-16 04:31:57",163,536,"2005-06-22 01:25:57",1,"2006-02-15 21:30:53"
1583,"2005-06-16 04:44:23",270,37,"2005-06-18 03:44:23",1,"2006-02-15 21:30:53"
1584,"2005-06-16 04:50:50",3545,434,"2005-06-21 22:51:50",2,"2006-02-15 21:30:53"
1585,"2005-06-16 04:51:13",1708,386,"2005-06-24 00:23:13",2,"2006-02-15 21:30:53"
1586,"2005-06-16 04:51:18",769,140,"2005-06-21 06:54:18",2,"2006-02-15 21:30:53"
1587,"2005-06-16 04:52:28",1781,62,"2005-06-23 07:36:28",1,"2006-02-15 21:30:53"
1588,"2005-06-16 04:53:21",4472,322,"2005-06-25 07:29:21",2,"2006-02-15 21:30:53"
1589,"2005-06-16 04:58:03",4307,293,"2005-06-24 08:36:03",1,"2006-02-15 21:30:53"
1590,"2005-06-16 05:11:41",3685,98,"2005-06-23 10:11:41",1,"2006-02-15 21:30:53"
1591,"2005-06-16 05:12:37",1648,83,"2005-06-25 06:28:37",2,"2006-02-15 21:30:53"
1592,"2005-06-16 05:14:37",3798,187,"2005-06-20 10:52:37",2,"2006-02-15 21:30:53"
1593,"2005-06-16 05:14:52",766,111,"2005-06-24 08:00:52",2,"2006-02-15 21:30:53"
1594,"2005-06-16 05:15:12",3858,470,"2005-06-25 00:38:12",1,"2006-02-15 21:30:53"
1595,"2005-06-16 05:23:46",1481,244,"2005-06-20 00:37:46",1,"2006-02-15 21:30:53"
1596,"2005-06-16 05:30:58",2552,416,"2005-06-21 04:18:58",2,"2006-02-15 21:30:53"
1597,"2005-06-16 05:47:03",743,432,"2005-06-18 04:21:03",1,"2006-02-15 21:30:53"
1598,"2005-06-16 06:02:39",4171,314,"2005-06-23 09:09:39",1,"2006-02-15 21:30:53"
1599,"2005-06-16 06:03:33",1476,215,"2005-06-21 07:46:33",2,"2006-02-15 21:30:53"
1600,"2005-06-16 06:04:12",2264,196,"2005-06-19 09:39:12",2,"2006-02-15 21:30:53"
1601,"2005-06-16 06:11:13",3115,428,"2005-06-21 08:57:13",2,"2006-02-15 21:30:53"
1602,"2005-06-16 06:12:40",1777,441,"2005-06-19 03:50:40",2,"2006-02-15 21:30:53"
1603,"2005-06-16 06:14:03",3308,395,"2005-06-17 06:04:03",2,"2006-02-15 21:30:53"
1604,"2005-06-16 06:14:25",3226,272,"2005-06-17 03:53:25",2,"2006-02-15 21:30:53"
1605,"2005-06-16 06:17:55",593,197,"2005-06-25 01:25:55",1,"2006-02-15 21:30:53"
1606,"2005-06-16 06:18:31",4290,253,"2005-06-25 09:15:31",1,"2006-02-15 21:30:53"
1607,"2005-06-16 06:25:35",3289,513,"2005-06-20 02:50:35",2,"2006-02-15 21:30:53"
1608,"2005-06-16 06:28:57",2581,386,"2005-06-24 05:20:57",2,"2006-02-15 21:30:53"
1609,"2005-06-16 06:34:59",2279,174,"2005-06-17 09:41:59",2,"2006-02-15 21:30:53"
1610,"2005-06-16 06:36:33",3551,534,"2005-06-19 07:12:33",1,"2006-02-15 21:30:53"
1611,"2005-06-16 06:41:35",1739,393,"2005-06-25 06:13:35",2,"2006-02-15 21:30:53"
1612,"2005-06-16 06:52:05",3025,355,"2005-06-19 01:51:05",1,"2006-02-15 21:30:53"
1613,"2005-06-16 06:55:10",4462,573,"2005-06-24 12:08:10",1,"2006-02-15 21:30:53"
1614,"2005-06-16 06:58:02",23,489,"2005-06-23 11:24:02",1,"2006-02-15 21:30:53"
1615,"2005-06-16 07:00:28",3894,362,"2005-06-25 08:53:28",1,"2006-02-15 21:30:53"
1616,"2005-06-16 07:04:52",2296,204,"2005-06-24 04:06:52",1,"2006-02-15 21:30:53"
1617,"2005-06-16 07:06:06",1382,83,"2005-06-25 03:35:06",1,"2006-02-15 21:30:53"
1618,"2005-06-16 07:08:38",3741,134,"2005-06-25 05:26:38",2,"2006-02-15 21:30:53"
1619,"2005-06-16 07:14:13",4258,232,"2005-06-19 05:50:13",2,"2006-02-15 21:30:53"
1620,"2005-06-16 07:21:30",389,561,"2005-06-17 09:46:30",1,"2006-02-15 21:30:53"
1621,"2005-06-16 07:24:12",3677,177,"2005-06-19 02:35:12",1,"2006-02-15 21:30:53"
1622,"2005-06-16 07:33:18",1774,311,"2005-06-21 07:23:18",1,"2006-02-15 21:30:53"
1623,"2005-06-16 07:48:50",4485,378,"2005-06-17 03:53:50",2,"2006-02-15 21:30:53"
1624,"2005-06-16 07:48:57",1066,314,"2005-06-17 05:52:57",1,"2006-02-15 21:30:53"
1625,"2005-06-16 07:49:08",3367,39,"2005-06-24 09:08:08",2,"2006-02-15 21:30:53"
1626,"2005-06-16 07:49:47",694,260,"2005-06-22 13:32:47",2,"2006-02-15 21:30:53"
1627,"2005-06-16 07:51:09",4135,468,"2005-06-24 02:24:09",1,"2006-02-15 21:30:53"
1628,"2005-06-16 07:52:55",868,427,"2005-06-25 11:09:55",1,"2006-02-15 21:30:53"
1629,"2005-06-16 07:53:47",4375,339,"2005-06-22 13:03:47",1,"2006-02-15 21:30:53"
1630,"2005-06-16 07:55:01",2413,130,"2005-06-19 06:38:01",1,"2006-02-15 21:30:53"
1631,"2005-06-16 08:01:02",2466,5,"2005-06-19 09:04:02",1,"2006-02-15 21:30:53"
1632,"2005-06-16 08:03:42",1518,319,"2005-06-17 03:40:42",1,"2006-02-15 21:30:53"
1633,"2005-06-16 08:08:40",280,4,"2005-06-17 11:12:40",1,"2006-02-15 21:30:53"
1634,"2005-06-16 08:16:05",3990,121,"2005-06-17 04:49:05",1,"2006-02-15 21:30:53"
1635,"2005-06-16 08:26:56",1187,566,"2005-06-25 06:17:56",2,"2006-02-15 21:30:53"
1636,"2005-06-16 08:28:54",2052,574,"2005-06-24 09:23:54",1,"2006-02-15 21:30:53"
1637,"2005-06-16 08:29:58",906,212,"2005-06-23 04:55:58",2,"2006-02-15 21:30:53"
1638,"2005-06-16 08:32:36",1905,181,"2005-06-18 07:11:36",2,"2006-02-15 21:30:53"
1639,"2005-06-16 08:33:39",176,450,"2005-06-25 07:51:39",1,"2006-02-15 21:30:53"
1640,"2005-06-16 08:35:39",443,86,"2005-06-17 05:37:39",2,"2006-02-15 21:30:53"
1641,"2005-06-16 08:46:26",2925,259,"2005-06-24 14:39:26",2,"2006-02-15 21:30:53"
1642,"2005-06-16 08:54:15",3875,287,"2005-06-18 12:36:15",1,"2006-02-15 21:30:53"
1643,"2005-06-16 08:55:35",1352,484,"2005-06-21 05:36:35",2,"2006-02-15 21:30:53"
1644,"2005-06-16 08:58:18",749,596,"2005-06-21 06:47:18",1,"2006-02-15 21:30:53"
1645,"2005-06-16 09:10:06",4434,234,"2005-06-23 04:36:06",2,"2006-02-15 21:30:53"
1646,"2005-06-16 09:12:53",4037,131,"2005-06-24 08:03:53",2,"2006-02-15 21:30:53"
1647,"2005-06-16 09:14:58",1936,454,"2005-06-17 10:46:58",1,"2006-02-15 21:30:53"
1648,"2005-06-16 09:17:07",457,427,"2005-06-24 06:31:07",2,"2006-02-15 21:30:53"
1649,"2005-06-16 09:20:33",390,352,"2005-06-18 13:42:33",1,"2006-02-15 21:30:53"
1650,"2005-06-16 09:23:20",4125,299,"2005-06-23 11:25:20",1,"2006-02-15 21:30:53"
1651,"2005-06-16 09:24:38",4444,524,"2005-06-17 09:50:38",2,"2006-02-15 21:30:53"
1652,"2005-06-16 09:31:37",3416,533,"2005-06-19 14:02:37",2,"2006-02-15 21:30:53"
1653,"2005-06-16 09:34:45",2294,517,"2005-06-18 09:13:45",1,"2006-02-15 21:30:53"
1654,"2005-06-16 09:42:48",1039,348,"2005-06-20 14:28:48",2,"2006-02-15 21:30:53"
1655,"2005-06-16 09:51:39",3693,488,"2005-06-23 14:53:39",2,"2006-02-15 21:30:53"
1656,"2005-06-16 10:05:40",2253,31,"2005-06-22 06:26:40",1,"2006-02-15 21:30:53"
1657,"2005-06-16 10:06:49",953,209,"2005-06-22 10:34:49",2,"2006-02-15 21:30:53"
1658,"2005-06-16 10:07:10",272,568,"2005-06-21 09:23:10",2,"2006-02-15 21:30:53"
1659,"2005-06-16 10:11:46",1182,296,"2005-06-20 13:51:46",1,"2006-02-15 21:30:53"
1660,"2005-06-16 10:12:55",2374,238,"2005-06-18 05:56:55",2,"2006-02-15 21:30:53"
1661,"2005-06-16 10:12:57",2403,508,"2005-06-24 09:23:57",2,"2006-02-15 21:30:53"
1662,"2005-06-16 10:13:35",3552,378,"2005-06-23 13:54:35",1,"2006-02-15 21:30:53"
1663,"2005-06-16 10:14:15",1558,186,"2005-06-23 08:34:15",2,"2006-02-15 21:30:53"
1664,"2005-06-16 10:15:20",2464,216,"2005-06-18 12:11:20",2,"2006-02-15 21:30:53"
1665,"2005-06-16 10:16:02",2613,490,"2005-06-23 09:32:02",1,"2006-02-15 21:30:53"
1666,"2005-06-16 10:17:19",4019,557,"2005-06-21 05:50:19",1,"2006-02-15 21:30:53"
1667,"2005-06-16 10:18:59",2362,333,"2005-06-22 14:45:59",2,"2006-02-15 21:30:53"
1668,"2005-06-16 10:19:52",2483,569,"2005-06-23 12:22:52",2,"2006-02-15 21:30:53"
1669,"2005-06-16 10:20:20",360,73,"2005-06-18 04:26:20",1,"2006-02-15 21:30:53"
1670,"2005-06-16 10:26:33",2066,328,"2005-06-19 07:15:33",1,"2006-02-15 21:30:53"
1671,"2005-06-16 10:30:22",3805,135,"2005-06-22 11:08:22",2,"2006-02-15 21:30:53"
1672,"2005-06-16 10:37:34",4206,216,"2005-06-23 05:30:34",1,"2006-02-15 21:30:53"
1673,"2005-06-16 10:40:17",907,534,"2005-06-18 16:13:17",1,"2006-02-15 21:30:53"
1674,"2005-06-16 10:57:00",3606,234,"2005-06-18 07:31:00",2,"2006-02-15 21:30:53"
1675,"2005-06-16 11:04:47",3048,371,"2005-06-24 06:56:47",2,"2006-02-15 21:30:53"
1676,"2005-06-16 11:06:09",931,171,"2005-06-21 05:17:09",1,"2006-02-15 21:30:53"
1677,"2005-06-16 11:07:11",240,191,"2005-06-23 10:50:11",1,"2006-02-15 21:30:53"
1678,"2005-06-16 11:08:28",1856,352,"2005-06-19 15:44:28",1,"2006-02-15 21:30:53"
1679,"2005-06-16 11:11:01",3959,227,"2005-06-23 08:11:01",1,"2006-02-15 21:30:53"
1680,"2005-06-16 11:17:22",4441,469,"2005-06-25 15:55:22",2,"2006-02-15 21:30:53"
1681,"2005-06-16 11:38:17",530,255,"2005-06-19 13:05:17",1,"2006-02-15 21:30:53"
1682,"2005-06-16 11:54:25",2165,476,"2005-06-22 11:09:25",2,"2006-02-15 21:30:53"
1683,"2005-06-16 11:54:55",2361,494,"2005-06-18 08:51:55",2,"2006-02-15 21:30:53"
1684,"2005-06-16 11:57:34",806,485,"2005-06-19 09:12:34",1,"2006-02-15 21:30:53"
1685,"2005-06-16 12:06:57",2754,85,"2005-06-21 16:53:57",2,"2006-02-15 21:30:53"
1686,"2005-06-16 12:08:20",3883,529,"2005-06-20 10:59:20",1,"2006-02-15 21:30:53"
1687,"2005-06-16 12:09:20",3686,140,"2005-06-18 06:18:20",2,"2006-02-15 21:30:53"
1688,"2005-06-16 12:11:20",383,49,"2005-06-18 08:39:20",2,"2006-02-15 21:30:53"
1689,"2005-06-16 12:18:41",4036,48,"2005-06-24 13:33:41",2,"2006-02-15 21:30:53"
1690,"2005-06-16 12:24:18",1099,286,"2005-06-25 15:00:18",1,"2006-02-15 21:30:53"
1691,"2005-06-16 12:24:28",4438,492,"2005-06-24 08:24:28",1,"2006-02-15 21:30:53"
1692,"2005-06-16 12:30:19",3544,514,"2005-06-17 17:31:19",2,"2006-02-15 21:30:53"
1693,"2005-06-16 12:39:51",2386,421,"2005-06-19 16:19:51",2,"2006-02-15 21:30:53"
1694,"2005-06-16 12:40:23",147,532,"2005-06-20 09:18:23",2,"2006-02-15 21:30:53"
1695,"2005-06-16 12:40:28",4436,159,"2005-06-22 13:41:28",1,"2006-02-15 21:30:53"
1696,"2005-06-16 12:50:01",3928,502,"2005-06-24 12:08:01",2,"2006-02-15 21:30:53"
1697,"2005-06-16 12:55:20",1801,340,"2005-06-23 17:41:20",2,"2006-02-15 21:30:53"
1698,"2005-06-16 13:04:42",1474,407,"2005-06-21 15:54:42",1,"2006-02-15 21:30:53"
1699,"2005-06-16 13:05:09",4507,27,"2005-06-17 09:53:09",2,"2006-02-15 21:30:53"
1700,"2005-06-16 13:18:23",4251,456,"2005-06-21 16:46:23",2,"2006-02-15 21:30:53"
1701,"2005-06-16 13:18:48",3000,315,"2005-06-22 15:00:48",1,"2006-02-15 21:30:53"
1702,"2005-06-16 13:21:05",1822,242,"2005-06-19 10:13:05",2,"2006-02-15 21:30:53"
1703,"2005-06-16 13:28:44",2346,589,"2005-06-17 11:03:44",1,"2006-02-15 21:30:53"
1704,"2005-06-16 13:45:56",4425,488,"2005-06-24 18:12:56",1,"2006-02-15 21:30:53"
1705,"2005-06-16 13:59:42",123,564,"2005-06-18 19:54:42",2,"2006-02-15 21:30:53"
1706,"2005-06-16 14:01:02",2935,26,"2005-06-25 19:29:02",1,"2006-02-15 21:30:53"
1707,"2005-06-16 14:01:27",185,4,"2005-06-18 09:35:27",1,"2006-02-15 21:30:53"
1708,"2005-06-16 14:08:44",2259,478,"2005-06-19 08:35:44",1,"2006-02-15 21:30:53"
1709,"2005-06-16 14:10:15",3501,426,"2005-06-24 16:38:15",2,"2006-02-15 21:30:53"
1710,"2005-06-16 14:11:24",144,77,"2005-06-22 15:26:24",1,"2006-02-15 21:30:53"
1711,"2005-06-16 14:11:52",273,347,"2005-06-25 08:49:52",1,"2006-02-15 21:30:53"
1712,"2005-06-16 14:25:09",1363,535,"2005-06-17 17:55:09",1,"2006-02-15 21:30:53"
1713,"2005-06-16 14:28:33",2580,164,"2005-06-18 09:02:33",1,"2006-02-15 21:30:53"
1714,"2005-06-16 14:29:59",535,477,"2005-06-24 17:27:59",2,"2006-02-15 21:30:53"
1715,"2005-06-16 14:37:12",1594,203,"2005-06-20 19:36:12",1,"2006-02-15 21:30:53"
1716,"2005-06-16 14:39:31",20,24,"2005-06-19 15:37:31",1,"2006-02-15 21:30:53"
1717,"2005-06-16 14:47:16",3007,277,"2005-06-19 10:11:16",2,"2006-02-15 21:30:53"
1718,"2005-06-16 14:52:02",288,516,"2005-06-25 10:53:02",2,"2006-02-15 21:30:53"
1719,"2005-06-16 14:55:53",2699,582,"2005-06-18 14:12:53",1,"2006-02-15 21:30:53"
1720,"2005-06-16 15:00:14",3500,543,"2005-06-21 13:57:14",2,"2006-02-15 21:30:53"
1721,"2005-06-16 15:01:36",3521,485,"2005-06-23 10:48:36",1,"2006-02-15 21:30:53"
1722,"2005-06-16 15:12:52",2142,364,"2005-06-19 13:01:52",2,"2006-02-15 21:30:53"
1723,"2005-06-16 15:14:18",2417,259,"2005-06-23 15:45:18",2,"2006-02-15 21:30:53"
1724,"2005-06-16 15:15:43",61,146,"2005-06-23 10:14:43",2,"2006-02-15 21:30:53"
1725,"2005-06-16 15:18:57",726,1,"2005-06-17 21:05:57",1,"2006-02-15 21:30:53"
1726,"2005-06-16 15:19:10",116,3,"2005-06-25 11:39:10",2,"2006-02-15 21:30:53"
1727,"2005-06-16 15:21:47",2951,457,"2005-06-17 14:12:47",1,"2006-02-15 21:30:53"
1728,"2005-06-16 15:29:29",1366,59,"2005-06-23 12:47:29",1,"2006-02-15 21:30:53"
1729,"2005-06-16 15:29:47",3364,523,"2005-06-25 20:55:47",2,"2006-02-15 21:30:53"
1730,"2005-06-16 15:30:01",1372,390,"2005-06-19 12:56:01",1,"2006-02-15 21:30:53"
1731,"2005-06-16 15:32:12",3698,344,"2005-06-19 18:58:12",2,"2006-02-15 21:30:53"
1732,"2005-06-16 15:34:41",2287,129,"2005-06-18 13:05:41",1,"2006-02-15 21:30:53"
1733,"2005-06-16 15:37:07",542,480,"2005-06-23 15:53:07",2,"2006-02-15 21:30:53"
1734,"2005-06-16 15:49:30",1113,94,"2005-06-22 13:52:30",2,"2006-02-15 21:30:53"
1735,"2005-06-16 15:51:52",97,4,"2005-06-20 13:27:52",1,"2006-02-15 21:30:53"
1736,"2005-06-16 15:52:32",3771,139,"2005-06-21 14:39:32",2,"2006-02-15 21:30:53"
1737,"2005-06-16 15:59:44",4029,467,"2005-06-23 12:22:44",1,"2006-02-15 21:30:53"
1738,"2005-06-16 16:07:27",3260,177,"2005-06-20 15:22:27",1,"2006-02-15 21:30:53"
1739,"2005-06-16 16:09:38",2557,450,"2005-06-22 18:04:38",2,"2006-02-15 21:30:53"
1740,"2005-06-16 16:29:00",2282,324,"2005-06-20 14:07:00",2,"2006-02-15 21:30:53"
1741,"2005-06-16 16:31:37",3722,176,"2005-06-25 21:38:37",1,"2006-02-15 21:30:53"
1742,"2005-06-16 16:37:48",2772,576,"2005-06-17 19:47:48",2,"2006-02-15 21:30:53"
1743,"2005-06-16 16:38:10",2777,258,"2005-06-17 13:13:10",1,"2006-02-15 21:30:53"
1744,"2005-06-16 16:39:58",3075,230,"2005-06-18 19:50:58",2,"2006-02-15 21:30:53"
1745,"2005-06-16 16:41:16",2812,178,"2005-06-23 21:02:16",2,"2006-02-15 21:30:53"
1746,"2005-06-16 16:41:19",4272,385,"2005-06-19 11:28:19",2,"2006-02-15 21:30:53"
1747,"2005-06-16 16:53:33",1661,273,"2005-06-25 21:48:33",2,"2006-02-15 21:30:53"
1748,"2005-06-16 16:54:03",2434,473,"2005-06-18 20:11:03",1,"2006-02-15 21:30:53"
1749,"2005-06-16 16:56:00",1554,283,"2005-06-21 21:02:00",2,"2006-02-15 21:30:53"
1750,"2005-06-16 16:57:36",1103,321,"2005-06-25 21:51:36",1,"2006-02-15 21:30:53"
1751,"2005-06-16 17:00:14",138,123,"2005-06-17 12:12:14",2,"2006-02-15 21:30:53"
1752,"2005-06-16 17:02:55",3529,12,"2005-06-23 19:09:55",2,"2006-02-15 21:30:53"
1753,"2005-06-16 17:08:17",3817,249,"2005-06-21 21:47:17",2,"2006-02-15 21:30:53"
1754,"2005-06-16 17:13:23",4106,25,"2005-06-22 20:46:23",1,"2006-02-15 21:30:53"
1755,"2005-06-16 17:18:44",1721,117,"2005-06-17 16:54:44",1,"2006-02-15 21:30:53"
1756,"2005-06-16 17:22:33",1401,571,"2005-06-21 16:52:33",1,"2006-02-15 21:30:53"
1757,"2005-06-16 17:32:24",4491,510,"2005-06-18 13:12:24",1,"2006-02-15 21:30:53"
1758,"2005-06-16 17:39:39",2654,474,"2005-06-25 13:06:39",1,"2006-02-15 21:30:53"
1759,"2005-06-16 17:46:37",1402,430,"2005-06-24 19:40:37",2,"2006-02-15 21:30:53"
1760,"2005-06-16 17:48:37",3929,261,"2005-06-18 16:01:37",2,"2006-02-15 21:30:53"
1761,"2005-06-16 17:49:57",1570,521,"2005-06-17 21:03:57",2,"2006-02-15 21:30:53"
1762,"2005-06-16 17:50:19",3050,116,"2005-06-19 21:35:19",2,"2006-02-15 21:30:53"
1763,"2005-06-16 17:51:01",1941,389,"2005-06-20 17:27:01",1,"2006-02-15 21:30:53"
1764,"2005-06-16 17:51:54",705,392,"2005-06-21 20:36:54",2,"2006-02-15 21:30:53"
1765,"2005-06-16 17:56:10",822,273,"2005-06-19 23:40:10",2,"2006-02-15 21:30:53"
1766,"2005-06-16 17:59:37",2041,118,"2005-06-18 16:32:37",2,"2006-02-15 21:30:53"
1767,"2005-06-16 18:01:36",1162,205,"2005-06-18 12:39:36",2,"2006-02-15 21:30:53"
1768,"2005-06-16 18:02:06",2131,131,"2005-06-23 17:19:06",2,"2006-02-15 21:30:53"
1769,"2005-06-16 18:07:48",1229,397,"2005-06-22 12:39:48",1,"2006-02-15 21:30:53"
1770,"2005-06-16 18:07:55",1681,359,"2005-06-23 23:49:55",2,"2006-02-15 21:30:53"
1771,"2005-06-16 18:12:17",1769,416,"2005-06-18 16:11:17",1,"2006-02-15 21:30:53"
1772,"2005-06-16 18:12:54",1269,525,"2005-06-24 19:55:54",1,"2006-02-15 21:30:53"
1773,"2005-06-16 18:13:43",4396,462,"2005-06-24 17:43:43",2,"2006-02-15 21:30:53"
1774,"2005-06-16 18:27:52",3058,442,"2005-06-21 13:35:52",2,"2006-02-15 21:30:53"
1775,"2005-06-16 18:28:19",1922,123,"2005-06-25 13:09:19",2,"2006-02-15 21:30:53"
1776,"2005-06-16 18:46:58",1404,472,"2005-06-24 16:01:58",1,"2006-02-15 21:30:53"
1777,"2005-06-16 18:52:12",3325,49,"2005-06-25 13:55:12",1,"2006-02-15 21:30:53"
1778,"2005-06-16 18:54:48",2512,341,"2005-06-22 16:08:48",2,"2006-02-15 21:30:53"
1779,"2005-06-16 18:55:11",1044,438,"2005-06-17 20:11:11",1,"2006-02-15 21:30:53"
1780,"2005-06-16 19:11:45",146,352,"2005-06-19 15:34:45",2,"2006-02-15 21:30:53"
1781,"2005-06-16 19:20:24",2841,429,"2005-06-25 17:02:24",2,"2006-02-15 21:30:53"
1782,"2005-06-16 19:21:12",1820,498,"2005-06-22 16:03:12",2,"2006-02-15 21:30:53"
1783,"2005-06-16 19:23:23",50,18,"2005-06-18 00:57:23",1,"2006-02-15 21:30:53"
1784,"2005-06-16 19:25:32",3792,134,"2005-06-20 00:00:32",2,"2006-02-15 21:30:53"
1785,"2005-06-16 19:27:12",3413,50,"2005-06-24 19:25:12",1,"2006-02-15 21:30:53"
1786,"2005-06-16 19:30:54",263,323,"2005-06-19 14:24:54",1,"2006-02-15 21:30:53"
1787,"2005-06-16 19:30:59",3823,546,"2005-06-21 18:25:59",2,"2006-02-15 21:30:53"
1788,"2005-06-16 19:47:18",3794,357,"2005-06-22 23:10:18",1,"2006-02-15 21:30:53"
1789,"2005-06-16 19:49:18",4264,105,"2005-06-23 17:07:18",2,"2006-02-15 21:30:53"
1790,"2005-06-16 19:58:40",1070,158,"2005-06-17 19:31:40",2,"2006-02-15 21:30:53"
1791,"2005-06-16 20:04:28",301,76,"2005-06-23 22:30:28",1,"2006-02-15 21:30:53"
1792,"2005-06-16 20:04:50",3800,351,"2005-06-26 00:57:50",1,"2006-02-15 21:30:53"
1793,"2005-06-16 20:07:27",4356,230,"2005-06-19 20:55:27",1,"2006-02-15 21:30:53"
1794,"2005-06-16 20:08:37",497,452,"2005-06-22 01:54:37",1,"2006-02-15 21:30:53"
1795,"2005-06-16 20:09:01",536,56,"2005-06-24 17:50:01",2,"2006-02-15 21:30:53"
1796,"2005-06-16 20:10:43",3229,283,"2005-06-20 19:12:43",1,"2006-02-15 21:30:53"
1797,"2005-06-16 20:13:03",3435,275,"2005-06-22 22:56:03",1,"2006-02-15 21:30:53"
1798,"2005-06-16 20:16:15",1654,429,"2005-06-20 22:23:15",2,"2006-02-15 21:30:53"
1799,"2005-06-16 20:17:20",2847,505,"2005-06-20 23:55:20",1,"2006-02-15 21:30:53"
1800,"2005-06-16 20:18:46",2058,149,"2005-06-20 17:12:46",1,"2006-02-15 21:30:53"
1801,"2005-06-16 20:21:53",1015,10,"2005-06-18 23:18:53",1,"2006-02-15 21:30:53"
1802,"2005-06-16 20:23:30",4174,455,"2005-06-21 20:02:30",1,"2006-02-15 21:30:53"
1803,"2005-06-16 20:32:47",3784,127,"2005-06-21 02:03:47",1,"2006-02-15 21:30:53"
1804,"2005-06-16 20:33:15",1152,570,"2005-06-18 02:31:15",2,"2006-02-15 21:30:53"
1805,"2005-06-16 20:36:00",3962,208,"2005-06-17 16:27:00",1,"2006-02-15 21:30:53"
1806,"2005-06-16 20:41:57",2053,45,"2005-06-18 19:25:57",2,"2006-02-15 21:30:53"
1807,"2005-06-16 20:58:59",1174,338,"2005-06-20 21:31:59",2,"2006-02-15 21:30:53"
1808,"2005-06-16 20:59:35",2424,466,"2005-06-24 15:31:35",1,"2006-02-15 21:30:53"
1809,"2005-06-16 21:00:20",1071,517,"2005-06-25 20:25:20",1,"2006-02-15 21:30:53"
1810,"2005-06-16 21:06:00",2368,7,"2005-06-21 21:24:00",1,"2006-02-15 21:30:53"
1811,"2005-06-16 21:06:20",3700,235,"2005-06-21 21:59:20",2,"2006-02-15 21:30:53"
1812,"2005-06-16 21:08:46",751,37,"2005-06-21 15:44:46",2,"2006-02-15 21:30:53"
1813,"2005-06-16 21:11:00",1236,259,"2005-06-24 15:30:00",1,"2006-02-15 21:30:53"
1814,"2005-06-16 21:15:22",39,144,"2005-06-23 17:00:22",1,"2006-02-15 21:30:53"
1815,"2005-06-16 21:16:07",1551,84,"2005-06-17 16:37:07",2,"2006-02-15 21:30:53"
1816,"2005-06-16 21:20:41",2861,594,"2005-06-18 02:21:41",1,"2006-02-15 21:30:53"
1817,"2005-06-16 21:20:52",1354,574,"2005-06-19 16:24:52",2,"2006-02-15 21:30:53"
1818,"2005-06-16 21:30:34",1218,63,"2005-06-20 03:27:34",2,"2006-02-15 21:30:53"
1819,"2005-06-16 21:32:50",1689,386,"2005-06-26 01:11:50",1,"2006-02-15 21:30:53"
1820,"2005-06-16 21:34:50",3672,120,"2005-06-20 16:50:50",1,"2006-02-15 21:30:53"
1821,"2005-06-16 21:42:49",3207,468,"2005-06-20 16:25:49",2,"2006-02-15 21:30:53"
1822,"2005-06-16 21:43:45",674,86,"2005-06-17 21:37:45",1,"2006-02-15 21:30:53"
1823,"2005-06-16 21:48:16",3871,448,"2005-06-22 03:09:16",1,"2006-02-15 21:30:53"
1824,"2005-06-16 21:51:04",2269,575,"2005-06-18 18:12:04",1,"2006-02-15 21:30:53"
1825,"2005-06-16 21:53:05",2908,55,"2005-06-20 17:22:05",2,"2006-02-15 21:30:53"
1826,"2005-06-16 21:53:52",421,578,"2005-06-25 18:46:52",2,"2006-02-15 21:30:53"
1827,"2005-06-16 21:54:40",3804,423,"2005-06-19 21:28:40",2,"2006-02-15 21:30:53"
1828,"2005-06-16 22:04:34",316,68,"2005-06-20 21:07:34",2,"2006-02-15 21:30:53"
1829,"2005-06-16 22:14:21",617,293,"2005-06-21 16:51:21",1,"2006-02-15 21:30:53"
1830,"2005-06-16 22:18:43",4010,499,"2005-06-23 21:14:43",2,"2006-02-15 21:30:53"
1831,"2005-06-16 22:22:17",2610,383,"2005-06-25 23:23:17",2,"2006-02-15 21:30:53"
1832,"2005-06-16 22:35:20",500,220,"2005-06-19 03:09:20",1,"2006-02-15 21:30:53"
1833,"2005-06-16 22:45:03",1337,121,"2005-06-20 22:02:03",2,"2006-02-15 21:30:53"
1834,"2005-06-16 22:49:08",4018,189,"2005-06-22 21:08:08",1,"2006-02-15 21:30:53"
1835,"2005-06-16 23:05:36",1482,112,"2005-06-19 04:46:36",1,"2006-02-15 21:30:53"
1836,"2005-06-16 23:13:05",2753,176,"2005-06-24 01:40:05",2,"2006-02-15 21:30:53"
1837,"2005-06-16 23:16:15",1259,309,"2005-06-21 21:54:15",1,"2006-02-15 21:30:53"
1838,"2005-06-16 23:20:16",513,31,"2005-06-20 02:34:16",1,"2006-02-15 21:30:53"
1839,"2005-06-16 23:22:22",2750,223,"2005-06-23 00:33:22",1,"2006-02-15 21:30:53"
1840,"2005-06-16 23:39:34",340,404,"2005-06-21 23:36:34",1,"2006-02-15 21:30:53"
1841,"2005-06-16 23:44:13",2363,6,"2005-06-22 04:09:13",1,"2006-02-15 21:30:53"
1842,"2005-06-16 23:45:59",1472,426,"2005-06-26 05:31:59",1,"2006-02-15 21:30:53"
1843,"2005-06-16 23:53:42",2714,132,"2005-06-22 18:33:42",2,"2006-02-15 21:30:53"
1844,"2005-06-16 23:53:53",2307,454,"2005-06-22 02:19:53",2,"2006-02-15 21:30:53"
1845,"2005-06-16 23:56:11",3395,215,"2005-06-19 01:41:11",2,"2006-02-15 21:30:53"
1846,"2005-06-17 00:02:44",1725,422,"2005-06-18 23:47:44",2,"2006-02-15 21:30:53"
1847,"2005-06-17 00:05:22",1189,363,"2005-06-20 21:09:22",1,"2006-02-15 21:30:53"
1848,"2005-06-17 00:07:07",3797,526,"2005-06-21 21:41:07",2,"2006-02-15 21:30:53"
1849,"2005-06-17 00:13:19",2507,341,"2005-06-23 18:37:19",2,"2006-02-15 21:30:53"
1850,"2005-06-17 00:31:35",761,517,"2005-06-25 05:19:35",1,"2006-02-15 21:30:53"
1851,"2005-06-17 00:32:26",1121,451,"2005-06-22 19:54:26",2,"2006-02-15 21:30:53"
1852,"2005-06-17 00:38:20",4122,271,"2005-06-22 20:04:20",2,"2006-02-15 21:30:53"
1853,"2005-06-17 00:39:54",2949,301,"2005-06-19 00:22:54",2,"2006-02-15 21:30:53"
1854,"2005-06-17 00:43:57",119,37,"2005-06-23 05:49:57",1,"2006-02-15 21:30:53"
1855,"2005-06-17 00:54:58",4457,492,"2005-06-20 19:29:58",1,"2006-02-15 21:30:53"
1856,"2005-06-17 01:02:00",3034,161,"2005-06-19 21:29:00",2,"2006-02-15 21:30:53"
1857,"2005-06-17 01:12:58",4257,427,"2005-06-21 04:49:58",1,"2006-02-15 21:30:53"
1858,"2005-06-17 01:13:11",3200,99,"2005-06-18 21:33:11",2,"2006-02-15 21:30:53"
1859,"2005-06-17 01:13:38",3405,533,"2005-06-18 03:13:38",1,"2006-02-15 21:30:53"
1860,"2005-06-17 01:17:12",1853,293,"2005-06-21 22:35:12",1,"2006-02-15 21:30:53"
1861,"2005-06-17 01:17:31",135,454,"2005-06-25 02:11:31",1,"2006-02-15 21:30:53"
1862,"2005-06-17 01:29:30",3299,553,"2005-06-25 20:43:30",1,"2006-02-15 21:30:53"
1863,"2005-06-17 01:31:46",4466,550,"2005-06-26 02:09:46",2,"2006-02-15 21:30:53"
1864,"2005-06-17 01:39:47",1815,130,"2005-06-24 19:39:47",2,"2006-02-15 21:30:53"
1865,"2005-06-17 01:49:36",2657,526,"2005-06-23 21:13:36",1,"2006-02-15 21:30:53"
1866,"2005-06-17 01:53:19",2579,575,"2005-06-19 06:14:19",2,"2006-02-15 21:30:53"
1867,"2005-06-17 02:01:37",3537,415,"2005-06-25 04:52:37",2,"2006-02-15 21:30:53"
1868,"2005-06-17 02:03:22",2412,380,"2005-06-25 04:38:22",1,"2006-02-15 21:30:53"
1869,"2005-06-17 02:08:00",871,351,"2005-06-19 21:43:00",1,"2006-02-15 21:30:53"
1870,"2005-06-17 02:24:36",895,191,"2005-06-17 23:04:36",2,"2006-02-15 21:30:53"
1871,"2005-06-17 02:25:12",481,204,"2005-06-23 03:16:12",2,"2006-02-15 21:30:53"
1872,"2005-06-17 02:27:03",3596,206,"2005-06-20 22:41:03",2,"2006-02-15 21:30:53"
1873,"2005-06-17 02:38:28",2933,71,"2005-06-23 04:39:28",1,"2006-02-15 21:30:53"
1874,"2005-06-17 02:39:20",3884,30,"2005-06-24 04:41:20",2,"2006-02-15 21:30:53"
1875,"2005-06-17 02:45:10",1652,528,"2005-06-22 22:54:10",2,"2006-02-15 21:30:53"
1876,"2005-06-17 02:50:51",384,459,"2005-06-18 07:21:51",1,"2006-02-15 21:30:53"
1877,"2005-06-17 02:54:16",3404,261,"2005-06-25 21:51:16",2,"2006-02-15 21:30:53"
1878,"2005-06-17 02:55:32",3319,381,"2005-06-21 03:44:32",1,"2006-02-15 21:30:53"
1879,"2005-06-17 02:57:34",3983,343,"2005-06-19 00:00:34",1,"2006-02-15 21:30:53"
1880,"2005-06-17 03:08:59",1133,289,"2005-06-19 07:16:59",1,"2006-02-15 21:30:53"
1881,"2005-06-17 03:09:56",159,134,"2005-06-18 01:49:56",1,"2006-02-15 21:30:53"
1882,"2005-06-17 03:17:21",1400,47,"2005-06-19 22:23:21",2,"2006-02-15 21:30:53"
1883,"2005-06-17 03:18:51",3504,550,"2005-06-18 05:46:51",1,"2006-02-15 21:30:53"
1884,"2005-06-17 03:19:20",4567,305,"2005-06-21 00:19:20",1,"2006-02-15 21:30:53"
1885,"2005-06-17 03:35:59",740,588,"2005-06-21 05:57:59",2,"2006-02-15 21:30:53"
1886,"2005-06-17 03:36:02",2367,505,"2005-06-19 08:12:02",2,"2006-02-15 21:30:53"
1887,"2005-06-17 03:53:18",3591,32,"2005-06-25 07:37:18",2,"2006-02-15 21:30:53"
1888,"2005-06-17 03:58:36",2872,405,"2005-06-22 09:28:36",1,"2006-02-15 21:30:53"
1889,"2005-06-17 04:05:12",3909,572,"2005-06-26 04:13:12",1,"2006-02-15 21:30:53"
1890,"2005-06-17 04:06:13",1764,447,"2005-06-22 07:46:13",2,"2006-02-15 21:30:53"
1891,"2005-06-17 04:16:44",3576,109,"2005-06-24 07:20:44",1,"2006-02-15 21:30:53"
1892,"2005-06-17 04:17:33",139,319,"2005-06-20 00:06:33",1,"2006-02-15 21:30:53"
1893,"2005-06-17 04:18:37",3346,390,"2005-06-23 23:35:37",2,"2006-02-15 21:30:53"
1894,"2005-06-17 04:18:48",3707,204,"2005-06-26 00:07:48",1,"2006-02-15 21:30:53"
1895,"2005-06-17 04:25:12",680,30,"2005-06-26 08:44:12",1,"2006-02-15 21:30:53"
1896,"2005-06-17 04:25:46",2077,270,"2005-06-26 09:37:46",1,"2006-02-15 21:30:53"
1897,"2005-06-17 04:26:23",4142,422,"2005-06-25 09:32:23",2,"2006-02-15 21:30:53"
1898,"2005-06-17 04:28:11",2873,143,"2005-06-25 07:04:11",2,"2006-02-15 21:30:53"
1899,"2005-06-17 04:29:15",858,200,"2005-06-26 08:39:15",1,"2006-02-15 21:30:53"
1900,"2005-06-17 04:29:58",1425,34,"2005-06-21 05:58:58",1,"2006-02-15 21:30:53"
1901,"2005-06-17 04:35:19",2469,292,"2005-06-25 06:09:19",2,"2006-02-15 21:30:53"
1902,"2005-06-17 04:35:52",2905,479,"2005-06-20 06:52:52",2,"2006-02-15 21:30:53"
1903,"2005-06-17 04:37:20",1939,588,"2005-06-26 09:05:20",2,"2006-02-15 21:30:53"
1904,"2005-06-17 04:45:41",2472,87,"2005-06-17 23:56:41",2,"2006-02-15 21:30:53"
1905,"2005-06-17 04:51:43",1043,39,"2005-06-24 09:35:43",1,"2006-02-15 21:30:53"
1906,"2005-06-17 04:53:35",1049,455,"2005-06-21 01:16:35",2,"2006-02-15 21:30:53"
1907,"2005-06-17 05:08:27",988,66,"2005-06-23 09:13:27",1,"2006-02-15 21:30:53"
1908,"2005-06-17 05:10:36",399,358,"2005-06-19 03:52:36",1,"2006-02-15 21:30:53"
1909,"2005-06-17 05:11:04",2599,269,"2005-06-19 04:33:04",2,"2006-02-15 21:30:53"
1910,"2005-06-17 05:11:27",3903,199,"2005-06-23 23:16:27",1,"2006-02-15 21:30:53"
1911,"2005-06-17 05:15:15",910,3,"2005-06-24 11:05:15",2,"2006-02-15 21:30:53"
1912,"2005-06-17 05:18:32",4136,538,"2005-06-20 10:01:32",2,"2006-02-15 21:30:53"
1913,"2005-06-17 05:19:47",1825,116,"2005-06-21 03:39:47",1,"2006-02-15 21:30:53"
1914,"2005-06-17 05:25:54",3406,450,"2005-06-24 04:25:54",2,"2006-02-15 21:30:53"
1915,"2005-06-17 05:28:28",2620,393,"2005-06-21 07:12:28",2,"2006-02-15 21:30:53"
1916,"2005-06-17 05:29:59",4428,429,"2005-06-26 05:35:59",2,"2006-02-15 21:30:53"
1917,"2005-06-17 05:36:07",2667,400,"2005-06-24 01:44:07",1,"2006-02-15 21:30:53"
1918,"2005-06-17 05:40:14",3749,310,"2005-06-21 08:53:14",2,"2006-02-15 21:30:53"
1919,"2005-06-17 05:40:52",3855,197,"2005-06-23 05:58:52",1,"2006-02-15 21:30:53"
1920,"2005-06-17 06:00:23",2199,75,"2005-06-24 04:49:23",1,"2006-02-15 21:30:53"
1921,"2005-06-17 06:04:16",4369,417,"2005-06-23 05:26:16",2,"2006-02-15 21:30:53"
1922,"2005-06-17 06:04:25",2484,343,"2005-06-18 09:15:25",2,"2006-02-15 21:30:53"
1923,"2005-06-17 06:06:10",691,400,"2005-06-24 04:29:10",2,"2006-02-15 21:30:53"
1924,"2005-06-17 06:13:34",2577,86,"2005-06-18 01:51:34",1,"2006-02-15 21:30:53"
1925,"2005-06-17 06:16:47",3995,510,"2005-06-21 06:03:47",1,"2006-02-15 21:30:53"
1926,"2005-06-17 06:24:30",3509,462,"2005-06-25 03:39:30",2,"2006-02-15 21:30:53"
1927,"2005-06-17 06:48:19",3304,188,"2005-06-21 03:23:19",1,"2006-02-15 21:30:53"
1928,"2005-06-17 06:48:31",3454,353,"2005-06-26 08:17:31",1,"2006-02-15 21:30:53"
1929,"2005-06-17 06:49:30",573,327,"2005-06-22 12:07:30",2,"2006-02-15 21:30:53"
1930,"2005-06-17 06:50:46",79,112,"2005-06-19 08:51:46",2,"2006-02-15 21:30:53"
1931,"2005-06-17 06:51:56",1411,391,"2005-06-22 08:27:56",1,"2006-02-15 21:30:53"
1932,"2005-06-17 06:54:41",3185,120,"2005-06-19 05:12:41",2,"2006-02-15 21:30:53"
1933,"2005-06-17 06:54:42",980,13,"2005-06-26 02:00:42",1,"2006-02-15 21:30:53"
1934,"2005-06-17 07:04:57",4000,16,"2005-06-25 12:21:57",2,"2006-02-15 21:30:53"
1935,"2005-06-17 07:14:15",1962,295,"2005-06-20 05:59:15",1,"2006-02-15 21:30:53"
1936,"2005-06-17 07:15:41",3037,213,"2005-06-18 11:37:41",2,"2006-02-15 21:30:53"
1937,"2005-06-17 07:16:46",1266,385,"2005-06-21 04:22:46",2,"2006-02-15 21:30:53"
1938,"2005-06-17 07:18:36",570,454,"2005-06-19 01:43:36",2,"2006-02-15 21:30:53"
1939,"2005-06-17 07:26:45",605,11,"2005-06-25 13:06:45",2,"2006-02-15 21:30:53"
1940,"2005-06-17 07:42:22",105,451,"2005-06-22 11:59:22",1,"2006-02-15 21:30:53"
1941,"2005-06-17 07:42:45",1063,519,"2005-06-20 07:12:45",1,"2006-02-15 21:30:53"
1942,"2005-06-17 07:43:39",261,143,"2005-06-25 02:24:39",1,"2006-02-15 21:30:53"
1943,"2005-06-17 07:49:17",4327,144,"2005-06-20 03:47:17",1,"2006-02-15 21:30:53"
1944,"2005-06-17 07:50:53",318,16,"2005-06-23 02:52:53",2,"2006-02-15 21:30:53"
1945,"2005-06-17 07:51:26",3366,207,"2005-06-23 13:22:26",2,"2006-02-15 21:30:53"
1946,"2005-06-17 07:58:39",2335,389,"2005-06-25 06:49:39",2,"2006-02-15 21:30:53"
1947,"2005-06-17 08:02:20",3344,479,"2005-06-25 10:25:20",1,"2006-02-15 21:30:53"
1948,"2005-06-17 08:06:53",46,89,"2005-06-21 05:00:53",1,"2006-02-15 21:30:53"
1949,"2005-06-17 08:19:22",1478,208,"2005-06-25 08:43:22",1,"2006-02-15 21:30:53"
1950,"2005-06-17 08:26:52",723,594,"2005-06-22 08:08:52",2,"2006-02-15 21:30:53"
1951,"2005-06-17 08:30:35",955,123,"2005-06-20 10:43:35",2,"2006-02-15 21:30:53"
1952,"2005-06-17 08:33:02",1823,338,"2005-06-21 14:00:02",2,"2006-02-15 21:30:53"
1953,"2005-06-17 08:34:57",3549,405,"2005-06-24 09:38:57",2,"2006-02-15 21:30:53"
1954,"2005-06-17 08:37:55",3203,533,"2005-06-20 02:55:55",2,"2006-02-15 21:30:53"
1955,"2005-06-17 08:40:22",811,311,"2005-06-19 10:47:22",1,"2006-02-15 21:30:53"
1956,"2005-06-17 08:43:32",1403,492,"2005-06-21 11:08:32",1,"2006-02-15 21:30:53"
1957,"2005-06-17 08:50:58",2496,68,"2005-06-26 13:39:58",2,"2006-02-15 21:30:53"
1958,"2005-06-17 08:52:01",1843,581,"2005-06-23 07:55:01",2,"2006-02-15 21:30:53"
1959,"2005-06-17 08:54:10",1464,554,"2005-06-20 05:02:10",2,"2006-02-15 21:30:53"
1960,"2005-06-17 08:59:57",2202,27,"2005-06-23 14:38:57",2,"2006-02-15 21:30:53"
1961,"2005-06-17 09:02:58",2851,384,"2005-06-20 03:07:58",1,"2006-02-15 21:30:53"
1962,"2005-06-17 09:08:58",4386,536,"2005-06-23 14:55:58",1,"2006-02-15 21:30:53"
1963,"2005-06-17 09:09:31",1943,154,"2005-06-24 13:16:31",2,"2006-02-15 21:30:53"
1964,"2005-06-17 09:10:09",3390,53,"2005-06-21 15:08:09",1,"2006-02-15 21:30:53"
1965,"2005-06-17 09:17:39",480,256,"2005-06-18 12:35:39",2,"2006-02-15 21:30:53"
1966,"2005-06-17 09:19:45",2085,6,"2005-06-20 11:19:45",1,"2006-02-15 21:30:53"
1967,"2005-06-17 09:19:52",3225,558,"2005-06-21 03:35:52",1,"2006-02-15 21:30:53"
1968,"2005-06-17 09:20:36",1139,246,"2005-06-18 11:06:36",2,"2006-02-15 21:30:53"
1969,"2005-06-17 09:22:22",4450,337,"2005-06-21 05:31:22",2,"2006-02-15 21:30:53"
1970,"2005-06-17 09:23:16",1358,303,"2005-06-22 09:40:16",2,"2006-02-15 21:30:53"
1971,"2005-06-17 09:23:59",2870,357,"2005-06-25 13:20:59",2,"2006-02-15 21:30:53"
1972,"2005-06-17 09:25:49",2758,526,"2005-06-24 09:59:49",2,"2006-02-15 21:30:53"
1973,"2005-06-17 09:26:15",3669,256,"2005-06-21 10:18:15",1,"2006-02-15 21:30:53"
1974,"2005-06-17 09:30:05",1979,111,"2005-06-21 12:10:05",1,"2006-02-15 21:30:53"
1975,"2005-06-17 09:32:10",2520,468,"2005-06-23 03:50:10",2,"2006-02-15 21:30:53"
1976,"2005-06-17 09:38:08",3631,184,"2005-06-23 07:23:08",2,"2006-02-15 21:30:53"
1977,"2005-06-17 09:38:22",2468,459,"2005-06-23 14:19:22",2,"2006-02-15 21:30:53"
1978,"2005-06-17 09:42:34",1590,278,"2005-06-20 09:13:34",2,"2006-02-15 21:30:53"
1979,"2005-06-17 09:45:30",3470,45,"2005-06-20 10:52:30",1,"2006-02-15 21:30:53"
1980,"2005-06-17 09:48:05",2985,328,"2005-06-23 14:43:05",1,"2006-02-15 21:30:53"
1981,"2005-06-17 10:03:34",3186,526,"2005-06-20 13:14:34",2,"2006-02-15 21:30:53"
1982,"2005-06-17 10:12:15",1091,566,"2005-06-20 13:56:15",1,"2006-02-15 21:30:53"
1983,"2005-06-17 10:22:13",1955,365,"2005-06-24 05:04:13",1,"2006-02-15 21:30:53"
1984,"2005-06-17 10:25:28",3417,380,"2005-06-23 08:18:28",2,"2006-02-15 21:30:53"
1985,"2005-06-17 10:31:37",87,411,"2005-06-22 11:17:37",1,"2006-02-15 21:30:53"
1986,"2005-06-17 10:34:59",2894,541,"2005-06-24 04:57:59",2,"2006-02-15 21:30:53"
1987,"2005-06-17 10:40:36",110,479,"2005-06-23 14:23:36",1,"2006-02-15 21:30:53"
1988,"2005-06-17 10:42:34",3054,261,"2005-06-25 11:47:34",2,"2006-02-15 21:30:53"
1989,"2005-06-17 10:47:24",634,35,"2005-06-19 05:12:24",1,"2006-02-15 21:30:53"
1990,"2005-06-17 10:48:44",1471,571,"2005-06-24 08:11:44",1,"2006-02-15 21:30:53"
1991,"2005-06-17 10:49:23",3963,105,"2005-06-25 10:48:23",1,"2006-02-15 21:30:53"
1992,"2005-06-17 10:58:53",636,233,"2005-06-19 08:42:53",2,"2006-02-15 21:30:53"
1993,"2005-06-17 10:59:24",168,234,"2005-06-23 07:30:24",2,"2006-02-15 21:30:53"
1994,"2005-06-17 11:07:06",2203,346,"2005-06-25 08:32:06",2,"2006-02-15 21:30:53"
1995,"2005-06-17 11:11:14",1866,10,"2005-06-26 16:37:14",1,"2006-02-15 21:30:53"
1996,"2005-06-17 11:17:45",3074,149,"2005-06-26 09:42:45",1,"2006-02-15 21:30:53"
1997,"2005-06-17 11:19:43",846,411,"2005-06-19 14:18:43",1,"2006-02-15 21:30:53"
1998,"2005-06-17 11:24:57",4365,562,"2005-06-26 09:48:57",1,"2006-02-15 21:30:53"
1999,"2005-06-17 11:30:08",3704,111,"2005-06-23 08:36:08",1,"2006-02-15 21:30:53"
2000,"2005-06-17 11:32:30",323,163,"2005-06-22 13:37:30",1,"2006-02-15 21:30:53"
2001,"2005-06-17 11:35:09",2069,260,"2005-06-21 14:52:09",2,"2006-02-15 21:30:53"
2002,"2005-06-17 11:39:58",2406,514,"2005-06-24 15:41:58",2,"2006-02-15 21:30:53"
2003,"2005-06-17 11:40:35",1581,515,"2005-06-19 08:30:35",2,"2006-02-15 21:30:53"
2004,"2005-06-17 11:43:38",1342,171,"2005-06-24 08:05:38",2,"2006-02-15 21:30:53"
2005,"2005-06-17 11:44:54",4177,234,"2005-06-19 10:53:54",1,"2006-02-15 21:30:53"
2006,"2005-06-17 11:47:03",992,215,"2005-06-19 13:47:03",2,"2006-02-15 21:30:53"
2007,"2005-06-17 11:47:17",1123,572,"2005-06-21 07:19:17",1,"2006-02-15 21:30:53"
2008,"2005-06-17 11:48:05",2081,570,"2005-06-25 13:16:05",1,"2006-02-15 21:30:53"
2009,"2005-06-17 11:48:31",1902,119,"2005-06-18 09:34:31",2,"2006-02-15 21:30:53"
2010,"2005-06-17 11:54:15",2845,329,"2005-06-21 05:55:15",1,"2006-02-15 21:30:53"
2011,"2005-06-17 11:56:09",734,350,"2005-06-24 06:47:09",2,"2006-02-15 21:30:53"
2012,"2005-06-17 11:57:15",3588,84,"2005-06-24 17:18:15",1,"2006-02-15 21:30:53"
2013,"2005-06-17 12:03:01",3256,165,"2005-06-24 10:04:01",1,"2006-02-15 21:30:53"
2014,"2005-06-17 12:03:28",2969,337,"2005-06-25 16:00:28",2,"2006-02-15 21:30:53"
2015,"2005-06-17 12:16:29",3776,484,"2005-06-18 14:40:29",2,"2006-02-15 21:30:53"
2016,"2005-06-17 12:18:36",4265,282,"2005-06-20 12:13:36",1,"2006-02-15 21:30:53"
2017,"2005-06-17 12:33:30",1434,516,"2005-06-19 10:08:30",2,"2006-02-15 21:30:53"
2018,"2005-06-17 12:35:58",1278,380,"2005-06-26 13:16:58",2,"2006-02-15 21:30:53"
2019,"2005-06-17 12:38:44",2314,528,"2005-06-23 17:38:44",2,"2006-02-15 21:30:53"
2020,"2005-06-17 12:39:50",1914,384,"2005-06-19 14:59:50",1,"2006-02-15 21:30:53"
2021,"2005-06-17 12:41:18",2852,319,"2005-06-23 17:17:18",2,"2006-02-15 21:30:53"
2022,"2005-06-17 12:44:39",3053,547,"2005-06-25 12:32:39",1,"2006-02-15 21:30:53"
2023,"2005-06-17 12:52:58",787,169,"2005-06-23 11:07:58",1,"2006-02-15 21:30:53"
2024,"2005-06-17 13:00:51",2566,329,"2005-06-22 07:03:51",1,"2006-02-15 21:30:53"
2025,"2005-06-17 13:04:00",1203,447,"2005-06-18 18:45:00",2,"2006-02-15 21:30:53"
2026,"2005-06-17 13:05:38",3681,491,"2005-06-21 17:19:38",1,"2006-02-15 21:30:53"
2027,"2005-06-17 13:06:56",4309,265,"2005-06-23 13:46:56",1,"2006-02-15 21:30:53"
2028,"2005-06-17 13:08:08",4451,155,"2005-06-23 10:54:08",1,"2006-02-15 21:30:53"
2029,"2005-06-17 13:10:59",914,512,"2005-06-19 18:15:59",1,"2006-02-15 21:30:53"
2030,"2005-06-17 13:13:27",4024,457,"2005-06-19 10:44:27",1,"2006-02-15 21:30:53"
2031,"2005-06-17 13:14:03",4275,570,"2005-06-25 10:06:03",2,"2006-02-15 21:30:53"
2032,"2005-06-17 13:24:07",425,316,"2005-06-18 18:18:07",1,"2006-02-15 21:30:53"
2033,"2005-06-17 13:24:43",58,90,"2005-06-20 12:34:43",1,"2006-02-15 21:30:53"
2034,"2005-06-17 13:27:16",1512,587,"2005-06-22 08:53:16",2,"2006-02-15 21:30:53"
2035,"2005-06-17 13:45:09",4371,158,"2005-06-26 15:30:09",2,"2006-02-15 21:30:53"
2036,"2005-06-17 13:46:52",100,486,"2005-06-18 15:42:52",2,"2006-02-15 21:30:53"
2037,"2005-06-17 13:54:20",2582,308,"2005-06-20 14:49:20",2,"2006-02-15 21:30:53"
2038,"2005-06-17 14:00:51",4231,138,"2005-06-19 11:54:51",2,"2006-02-15 21:30:53"
2039,"2005-06-17 14:03:43",1514,304,"2005-06-24 09:21:43",1,"2006-02-15 21:30:53"
2040,"2005-06-17 14:18:37",227,260,"2005-06-22 19:08:37",1,"2006-02-15 21:30:53"
2041,"2005-06-17 14:19:00",782,348,"2005-06-26 08:38:00",2,"2006-02-15 21:30:53"
2042,"2005-06-17 14:31:02",3102,84,"2005-06-18 14:43:02",1,"2006-02-15 21:30:53"
2043,"2005-06-17 14:31:12",2495,4,"2005-06-19 11:04:12",2,"2006-02-15 21:30:53"
2044,"2005-06-17 14:37:57",2418,484,"2005-06-22 17:15:57",2,"2006-02-15 21:30:53"
2045,"2005-06-17 14:38:11",561,391,"2005-06-26 13:44:11",2,"2006-02-15 21:30:53"
2046,"2005-06-17 14:39:50",872,374,"2005-06-24 16:02:50",1,"2006-02-15 21:30:53"
2047,"2005-06-17 14:40:58",2371,201,"2005-06-21 08:52:58",1,"2006-02-15 21:30:53"
2048,"2005-06-17 14:55:29",2055,454,"2005-06-23 16:29:29",2,"2006-02-15 21:30:53"
2049,"2005-06-17 14:58:36",1053,182,"2005-06-22 14:53:36",2,"2006-02-15 21:30:53"
2050,"2005-06-17 15:07:30",1963,549,"2005-06-18 14:43:30",1,"2006-02-15 21:30:53"
2051,"2005-06-17 15:10:16",2366,191,"2005-06-19 20:45:16",1,"2006-02-15 21:30:53"
2052,"2005-06-17 15:14:43",1686,172,"2005-06-21 11:08:43",1,"2006-02-15 21:30:53"
2053,"2005-06-17 15:19:34",4279,521,"2005-06-19 10:06:34",2,"2006-02-15 21:30:53"
2054,"2005-06-17 15:26:37",1588,295,"2005-06-26 14:22:37",1,"2006-02-15 21:30:53"
2055,"2005-06-17 15:27:03",1399,593,"2005-06-25 13:44:03",1,"2006-02-15 21:30:53"
2056,"2005-06-17 15:27:33",229,42,"2005-06-20 13:04:33",2,"2006-02-15 21:30:53"
2057,"2005-06-17 15:31:58",2803,190,"2005-06-25 09:39:58",1,"2006-02-15 21:30:53"
2058,"2005-06-17 15:34:41",1324,57,"2005-06-25 14:50:41",1,"2006-02-15 21:30:53"
2059,"2005-06-17 15:36:12",739,114,"2005-06-18 19:01:12",2,"2006-02-15 21:30:53"
2060,"2005-06-17 15:42:42",1523,64,"2005-06-22 16:39:42",1,"2006-02-15 21:30:53"
2061,"2005-06-17 15:47:00",4575,108,"2005-06-24 16:36:00",2,"2006-02-15 21:30:53"
2062,"2005-06-17 15:56:43",1749,55,"2005-06-20 21:37:43",2,"2006-02-15 21:30:53"
2063,"2005-06-17 15:56:53",4323,5,"2005-06-21 14:19:53",1,"2006-02-15 21:30:53"
2064,"2005-06-17 15:57:56",1970,67,"2005-06-23 21:04:56",2,"2006-02-15 21:30:53"
2065,"2005-06-17 16:03:46",844,266,"2005-06-22 16:41:46",2,"2006-02-15 21:30:53"
2066,"2005-06-17 16:07:08",2561,248,"2005-06-24 15:20:08",2,"2006-02-15 21:30:53"
2067,"2005-06-17 16:11:08",1711,297,"2005-06-22 13:01:08",2,"2006-02-15 21:30:53"
2068,"2005-06-17 16:11:46",4252,387,"2005-06-20 11:28:46",1,"2006-02-15 21:30:53"
2069,"2005-06-17 16:19:39",2746,551,"2005-06-26 16:48:39",1,"2006-02-15 21:30:53"
2070,"2005-06-17 16:27:51",2609,24,"2005-06-20 20:46:51",1,"2006-02-15 21:30:53"
2071,"2005-06-17 16:33:17",2867,479,"2005-06-23 21:51:17",1,"2006-02-15 21:30:53"
2072,"2005-06-17 16:33:32",86,261,"2005-06-23 13:22:32",1,"2006-02-15 21:30:53"
2073,"2005-06-17 16:33:59",3530,410,"2005-06-19 11:57:59",1,"2006-02-15 21:30:53"
2074,"2005-06-17 16:40:03",71,495,"2005-06-20 21:34:03",1,"2006-02-15 21:30:53"
2075,"2005-06-17 16:40:33",2415,459,"2005-06-19 13:55:33",2,"2006-02-15 21:30:53"
2076,"2005-06-17 16:43:47",2242,217,"2005-06-24 11:12:47",1,"2006-02-15 21:30:53"
2077,"2005-06-17 16:46:11",4478,113,"2005-06-19 15:10:11",1,"2006-02-15 21:30:53"
2078,"2005-06-17 16:48:55",2021,278,"2005-06-19 18:01:55",1,"2006-02-15 21:30:53"
2079,"2005-06-17 16:49:45",3853,465,"2005-06-18 18:10:45",1,"2006-02-15 21:30:53"
2080,"2005-06-17 16:59:40",1231,476,"2005-06-21 11:28:40",2,"2006-02-15 21:30:53"
2081,"2005-06-17 17:05:02",917,253,"2005-06-26 20:26:02",1,"2006-02-15 21:30:53"
2082,"2005-06-17 17:13:32",434,254,"2005-06-19 16:16:32",1,"2006-02-15 21:30:53"
2083,"2005-06-17 17:14:00",2423,97,"2005-06-18 18:31:00",2,"2006-02-15 21:30:53"
2084,"2005-06-17 17:17:19",428,92,"2005-06-22 14:57:19",1,"2006-02-15 21:30:53"
2085,"2005-06-17 17:30:56",2275,214,"2005-06-23 12:13:56",1,"2006-02-15 21:30:53"
2086,"2005-06-17 17:32:07",898,326,"2005-06-21 20:19:07",2,"2006-02-15 21:30:53"
2087,"2005-06-17 17:35:10",466,398,"2005-06-26 13:52:10",1,"2006-02-15 21:30:53"
2088,"2005-06-17 17:35:30",506,310,"2005-06-23 20:13:30",2,"2006-02-15 21:30:53"
2089,"2005-06-17 17:45:09",4030,156,"2005-06-25 16:41:09",1,"2006-02-15 21:30:53"
2090,"2005-06-17 18:06:14",17,197,"2005-06-22 23:52:14",1,"2006-02-15 21:30:53"
2091,"2005-06-17 18:09:04",4033,260,"2005-06-26 12:11:04",1,"2006-02-15 21:30:53"
2092,"2005-06-17 18:12:16",4427,556,"2005-06-25 15:06:16",2,"2006-02-15 21:30:53"
2093,"2005-06-17 18:14:08",814,26,"2005-06-26 18:10:08",1,"2006-02-15 21:30:53"
2094,"2005-06-17 18:18:56",2205,308,"2005-06-18 19:36:56",1,"2006-02-15 21:30:53"
2095,"2005-06-17 18:21:35",1907,8,"2005-06-23 23:49:35",2,"2006-02-15 21:30:53"
2096,"2005-06-17 18:33:04",1069,431,"2005-06-21 17:29:04",2,"2006-02-15 21:30:53"
2097,"2005-06-17 18:40:04",569,439,"2005-06-23 13:49:04",1,"2006-02-15 21:30:53"
2098,"2005-06-17 18:42:09",3951,274,"2005-06-19 20:40:09",1,"2006-02-15 21:30:53"
2099,"2005-06-17 18:47:26",3660,146,"2005-06-24 22:31:26",2,"2006-02-15 21:30:53"
2100,"2005-06-17 18:53:21",2267,387,"2005-06-19 21:49:21",2,"2006-02-15 21:30:53"
2101,"2005-06-17 18:57:02",2137,581,"2005-06-20 15:38:02",2,"2006-02-15 21:30:53"
2102,"2005-06-17 19:05:22",2316,486,"2005-06-23 23:21:22",2,"2006-02-15 21:30:53"
2103,"2005-06-17 19:13:10",1469,456,"2005-06-21 21:32:10",2,"2006-02-15 21:30:53"
2104,"2005-06-17 19:14:30",3084,136,"2005-06-19 16:26:30",1,"2006-02-15 21:30:53"
2105,"2005-06-17 19:15:45",4090,57,"2005-06-20 16:00:45",1,"2006-02-15 21:30:53"
2106,"2005-06-17 19:29:03",643,66,"2005-06-23 18:17:03",2,"2006-02-15 21:30:53"
2107,"2005-06-17 19:31:16",1270,104,"2005-06-18 23:33:16",1,"2006-02-15 21:30:53"
2108,"2005-06-17 19:35:26",1395,503,"2005-06-25 15:45:26",1,"2006-02-15 21:30:53"
2109,"2005-06-17 19:41:42",2292,493,"2005-06-25 17:03:42",2,"2006-02-15 21:30:53"
2110,"2005-06-17 19:45:49",3592,163,"2005-06-26 18:59:49",2,"2006-02-15 21:30:53"
2111,"2005-06-17 19:47:21",2108,76,"2005-06-19 22:46:21",2,"2006-02-15 21:30:53"
2112,"2005-06-17 19:52:42",1629,18,"2005-06-25 00:00:42",2,"2006-02-15 21:30:53"
2113,"2005-06-17 19:57:46",1509,406,"2005-06-24 00:22:46",1,"2006-02-15 21:30:53"
2114,"2005-06-17 20:00:25",3541,358,"2005-06-23 18:51:25",1,"2006-02-15 21:30:53"
2115,"2005-06-17 20:02:16",3448,270,"2005-06-25 16:56:16",2,"2006-02-15 21:30:53"
2116,"2005-06-17 20:16:12",2373,24,"2005-06-18 17:03:12",2,"2006-02-15 21:30:53"
2117,"2005-06-17 20:24:00",2,170,"2005-06-23 17:45:00",2,"2006-02-15 21:30:53"
2118,"2005-06-17 20:28:29",1261,103,"2005-06-23 22:47:29",1,"2006-02-15 21:30:53"
2119,"2005-06-17 20:34:42",2104,561,"2005-06-22 00:05:42",1,"2006-02-15 21:30:53"
2120,"2005-06-17 20:36:50",1498,182,"2005-06-27 01:18:50",2,"2006-02-15 21:30:53"
2121,"2005-06-17 20:38:54",141,467,"2005-06-22 23:06:54",2,"2006-02-15 21:30:53"
2122,"2005-06-17 20:48:27",2932,245,"2005-06-23 00:58:27",2,"2006-02-15 21:30:53"
2123,"2005-06-17 20:48:30",2497,545,"2005-06-18 19:17:30",2,"2006-02-15 21:30:53"
2124,"2005-06-17 20:49:14",1273,178,"2005-06-23 17:44:14",1,"2006-02-15 21:30:53"
2125,"2005-06-17 20:53:42",4303,473,"2005-06-19 01:53:42",2,"2006-02-15 21:30:53"
2126,"2005-06-17 20:54:36",4276,263,"2005-06-27 02:16:36",1,"2006-02-15 21:30:53"
2127,"2005-06-17 20:54:48",3757,187,"2005-06-18 16:28:48",2,"2006-02-15 21:30:53"
2128,"2005-06-17 20:54:58",352,2,"2005-06-24 00:41:58",2,"2006-02-15 21:30:53"
2129,"2005-06-17 20:58:32",1930,249,"2005-06-23 22:22:32",1,"2006-02-15 21:30:53"
2130,"2005-06-17 21:00:44",1369,413,"2005-06-26 00:05:44",2,"2006-02-15 21:30:53"
2131,"2005-06-17 21:02:25",4424,85,"2005-06-25 18:45:25",1,"2006-02-15 21:30:53"
2132,"2005-06-17 21:05:06",2636,186,"2005-06-20 18:10:06",1,"2006-02-15 21:30:53"
2133,"2005-06-17 21:10:05",932,268,"2005-06-23 22:41:05",1,"2006-02-15 21:30:53"
2134,"2005-06-17 21:13:44",1699,378,"2005-06-26 16:28:44",2,"2006-02-15 21:30:53"
2135,"2005-06-17 21:14:02",4091,39,"2005-06-19 00:59:02",1,"2006-02-15 21:30:53"
2136,"2005-06-17 21:16:41",2651,20,"2005-06-24 22:42:41",2,"2006-02-15 21:30:53"
2137,"2005-06-17 21:18:28",1158,581,"2005-06-20 21:05:28",1,"2006-02-15 21:30:53"
2138,"2005-06-17 21:28:14",512,254,"2005-06-22 01:16:14",2,"2006-02-15 21:30:53"
2139,"2005-06-17 21:29:34",807,236,"2005-06-26 21:05:34",1,"2006-02-15 21:30:53"
2140,"2005-06-17 21:40:29",2395,56,"2005-06-19 00:42:29",1,"2006-02-15 21:30:53"
2141,"2005-06-17 21:41:34",2176,86,"2005-06-19 00:15:34",1,"2006-02-15 21:30:53"
2142,"2005-06-17 21:55:43",1787,253,"2005-06-26 19:41:43",2,"2006-02-15 21:30:53"
2143,"2005-06-17 21:58:13",1257,507,"2005-06-19 23:59:13",2,"2006-02-15 21:30:53"
2144,"2005-06-17 22:05:40",3303,46,"2005-06-21 02:53:40",1,"2006-02-15 21:30:53"
2145,"2005-06-17 22:10:36",238,388,"2005-06-18 21:07:36",2,"2006-02-15 21:30:53"
2146,"2005-06-17 22:26:23",326,456,"2005-06-26 17:10:23",1,"2006-02-15 21:30:53"
2147,"2005-06-17 22:28:13",2752,279,"2005-06-22 20:50:13",1,"2006-02-15 21:30:53"
2148,"2005-06-17 22:44:35",315,338,"2005-06-26 19:43:35",1,"2006-02-15 21:30:53"
2149,"2005-06-17 22:50:00",3365,333,"2005-06-26 18:40:00",1,"2006-02-15 21:30:53"
2150,"2005-06-17 22:50:36",1910,406,"2005-06-21 19:33:36",1,"2006-02-15 21:30:53"
2151,"2005-06-17 22:52:37",407,329,"2005-06-20 22:00:37",1,"2006-02-15 21:30:53"
2152,"2005-06-17 22:53:27",2665,307,"2005-06-23 19:19:27",1,"2006-02-15 21:30:53"
2153,"2005-06-17 22:58:04",2440,357,"2005-06-24 19:38:04",2,"2006-02-15 21:30:53"
2154,"2005-06-17 22:59:42",1655,30,"2005-06-24 04:11:42",1,"2006-02-15 21:30:53"
2155,"2005-06-17 23:07:29",3640,227,"2005-06-25 03:23:29",2,"2006-02-15 21:30:53"
2156,"2005-06-17 23:08:12",623,237,"2005-06-22 19:44:12",2,"2006-02-15 21:30:53"
2157,"2005-06-17 23:30:52",1619,201,"2005-06-24 01:56:52",2,"2006-02-15 21:30:53"
